postal_code,area_name,prefecture_name
10431,ΑΘΗΝΑ,ΑΤΤΙΚΗΣ
10564,ΑΘΗΝΑ,ΑΤΤΙΚΗΣ
10552,ΑΘΗΝΑ,ΑΤΤΙΚΗΣ
10553,ΑΘΗΝΑ,ΑΤΤΙΚΗΣ
10432,ΑΘΗΝΑ,ΑΤΤΙΚΗΣ
10438,ΑΘΗΝΑ,ΑΤΤΙΚΗΣ
10677,ΑΘΗΝΑ,ΑΤΤΙΚΗΣ
10433,ΑΘΗΝΑ,ΑΤΤΙΚΗΣ
10683,ΑΘΗΝΑ,ΑΤΤΙΚΗΣ
10439,ΑΘΗΝΑ,ΑΤΤΙΚΗΣ
10682,ΑΘΗΝΑ,ΑΤΤΙΚΗΣ
10434,ΑΘΗΝΑ,ΑΤΤΙΚΗΣ
10440,ΑΘΗΝΑ,ΑΤΤΙΚΗΣ
10437,ΑΘΗΝΑ,ΑΤΤΙΚΗΣ
10435,ΑΘΗΝΑ,ΑΤΤΙΚΗΣ
10436,ΑΘΗΝΑ,ΑΤΤΙΚΗΣ
11855,ΑΘΗΝΑ,ΑΤΤΙΚΗΣ
10447,ΑΘΗΝΑ,ΑΤΤΙΚΗΣ
10446,ΑΘΗΝΑ,ΑΤΤΙΚΗΣ
10445,ΑΘΗΝΑ,ΑΤΤΙΚΗΣ
10441,ΑΘΗΝΑ,ΑΤΤΙΚΗΣ
10442,ΑΘΗΝΑ,ΑΤΤΙΚΗΣ
10444,ΑΘΗΝΑ,ΑΤΤΙΚΗΣ
10443,ΑΘΗΝΑ,ΑΤΤΙΚΗΣ
11361,ΑΘΗΝΑ,ΑΤΤΙΚΗΣ
11252,ΑΘΗΝΑ,ΑΤΤΙΚΗΣ
11257,ΑΘΗΝΑ,ΑΤΤΙΚΗΣ
11145,ΑΘΗΝΑ,ΑΤΤΙΚΗΣ
11854,ΑΘΗΝΑ,ΑΤΤΙΚΗΣ
11251,ΑΘΗΝΑ,ΑΤΤΙΚΗΣ
11143,ΑΘΗΝΑ,ΑΤΤΙΚΗΣ
11253,ΑΘΗΝΑ,ΑΤΤΙΚΗΣ
11254,ΑΘΗΝΑ,ΑΤΤΙΚΗΣ
10551,ΑΘΗΝΑ,ΑΤΤΙΚΗΣ
10554,ΑΘΗΝΑ,ΑΤΤΙΚΗΣ
10563,ΑΘΗΝΑ,ΑΤΤΙΚΗΣ
10561,ΑΘΗΝΑ,ΑΤΤΙΚΗΣ
10559,ΑΘΗΝΑ,ΑΤΤΙΚΗΣ
10562,ΑΘΗΝΑ,ΑΤΤΙΚΗΣ
10560,ΑΘΗΝΑ,ΑΤΤΙΚΗΣ
10555,ΑΘΗΝΑ,ΑΤΤΙΚΗΣ
10558,ΑΘΗΝΑ,ΑΤΤΙΚΗΣ
10556,ΑΘΗΝΑ,ΑΤΤΙΚΗΣ
10557,ΑΘΗΝΑ,ΑΤΤΙΚΗΣ
10671,ΑΘΗΝΑ,ΑΤΤΙΚΗΣ
10672,ΑΘΗΝΑ,ΑΤΤΙΚΗΣ
10673,ΑΘΗΝΑ,ΑΤΤΙΚΗΣ
10679,ΑΘΗΝΑ,ΑΤΤΙΚΗΣ
10674,ΑΘΗΝΑ,ΑΤΤΙΚΗΣ
10675,ΑΘΗΝΑ,ΑΤΤΙΚΗΣ
10676,ΑΘΗΝΑ,ΑΤΤΙΚΗΣ
11521,ΑΘΗΝΑ,ΑΤΤΙΚΗΣ
11634,ΑΘΗΝΑ,ΑΤΤΙΚΗΣ
10678,ΑΘΗΝΑ,ΑΤΤΙΚΗΣ
10681,ΑΘΗΝΑ,ΑΤΤΙΚΗΣ
10680,ΑΘΗΝΑ,ΑΤΤΙΚΗΣ
11473,ΑΘΗΝΑ,ΑΤΤΙΚΗΣ
11472,ΑΘΗΝΑ,ΑΤΤΙΚΗΣ
11141,ΑΘΗΝΑ,ΑΤΤΙΚΗΣ
11256,ΑΘΗΝΑ,ΑΤΤΙΚΗΣ
11255,ΑΘΗΝΑ,ΑΤΤΙΚΗΣ
11364,ΑΘΗΝΑ,ΑΤΤΙΚΗΣ
11142,ΑΘΗΝΑ,ΑΤΤΙΚΗΣ
11144,ΑΘΗΝΑ,ΑΤΤΙΚΗΣ
11146,ΓΑΛΑΤΣΙ,ΑΤΤΙΚΗΣ
11147,ΓΑΛΑΤΣΙ,ΑΤΤΙΚΗΣ
11362,ΑΘΗΝΑ,ΑΤΤΙΚΗΣ
11551,ΑΘΗΝΑ,ΑΤΤΙΚΗΣ
11363,ΑΘΗΝΑ,ΑΤΤΙΚΗΣ
11476,ΑΘΗΝΑ,ΑΤΤΙΚΗΣ
11454,ΑΘΗΝΑ,ΑΤΤΙΚΗΣ
11471,ΑΘΗΝΑ,ΑΤΤΙΚΗΣ
11474,ΑΘΗΝΑ,ΑΤΤΙΚΗΣ
11475,ΑΘΗΝΑ,ΑΤΤΙΚΗΣ
11522,ΑΘΗΝΑ,ΑΤΤΙΚΗΣ
11523,ΑΘΗΝΑ,ΑΤΤΙΚΗΣ
11526,ΑΘΗΝΑ,ΑΤΤΙΚΗΣ
11524,ΑΘΗΝΑ,ΑΤΤΙΚΗΣ
11525,ΑΘΗΝΑ,ΑΤΤΙΚΗΣ
11528,ΑΘΗΝΑ,ΑΤΤΙΚΗΣ
11527,ΑΘΗΝΑ,ΑΤΤΙΚΗΣ
11533,ΑΘΗΝΑ,ΑΤΤΙΚΗΣ
11631,ΑΘΗΝΑ,ΑΤΤΙΚΗΣ
11636,ΑΘΗΝΑ,ΑΤΤΙΚΗΣ
11632,ΑΘΗΝΑ,ΑΤΤΙΚΗΣ
11633,ΑΘΗΝΑ,ΑΤΤΙΚΗΣ
11635,ΑΘΗΝΑ,ΑΤΤΙΚΗΣ
11741,ΑΘΗΝΑ,ΑΤΤΙΚΗΣ
11742,ΑΘΗΝΑ,ΑΤΤΙΚΗΣ
11743,ΑΘΗΝΑ,ΑΤΤΙΚΗΣ
11745,ΑΘΗΝΑ,ΑΤΤΙΚΗΣ
11744,ΑΘΗΝΑ,ΑΤΤΙΚΗΣ
11835,ΑΘΗΝΑ,ΑΤΤΙΚΗΣ
11851,ΑΘΗΝΑ,ΑΤΤΙΚΗΣ
11852,ΑΘΗΝΑ,ΑΤΤΙΚΗΣ
11853,ΑΘΗΝΑ,ΑΤΤΙΚΗΣ
12131,ΠΕΡΙΣΤΕΡΙ,ΑΤΤΙΚΗΣ
12242,ΑΙΓΑΛΕΩ,ΑΤΤΙΚΗΣ
12134,ΠΕΡΙΣΤΕΡΙ,ΑΤΤΙΚΗΣ
12132,ΠΕΡΙΣΤΕΡΙ,ΑΤΤΙΚΗΣ
12133,ΠΕΡΙΣΤΕΡΙ,ΑΤΤΙΚΗΣ
12136,ΠΕΡΙΣΤΕΡΙ,ΑΤΤΙΚΗΣ
12135,ΠΕΡΙΣΤΕΡΙ,ΑΤΤΙΚΗΣ
12137,ΠΕΡΙΣΤΕΡΙ,ΑΤΤΙΚΗΣ
12141,ΠΕΡΙΣΤΕΡΙ,ΑΤΤΙΚΗΣ
12241,ΑΙΓΑΛΕΩ,ΑΤΤΙΚΗΣ
12243,ΑΙΓΑΛΕΩ,ΑΤΤΙΚΗΣ
12244,ΑΙΓΑΛΕΩ,ΑΤΤΙΚΗΣ
12351,ΑΓΙΑ ΒΑΡΒΑΡΑ,ΑΤΤΙΚΗΣ
12461,ΧΑΙΔΑΡΙ,ΑΤΤΙΚΗΣ
12462,ΧΑΙΔΑΡΙ,ΑΤΤΙΚΗΣ
13122,ΙΛΙΟΝ,ΑΤΤΙΚΗΣ
13121,ΙΛΙΟΝ,ΑΤΤΙΚΗΣ
13123,ΙΛΙΟΝ,ΑΤΤΙΚΗΣ
13341,ΑΝΩ ΛΙΟΣΙΑ,ΑΤΤΙΚΗΣ
13231,ΠΕΤΡΟΥΠΟΛΗ,ΑΤΤΙΚΗΣ
13451,ΚΑΜΑΤΕΡΟ,ΑΤΤΙΚΗΣ
13675,ΑΧΑΡΝΕΣ,ΑΤΤΙΚΗΣ
13671,ΑΧΑΡΝΕΣ,ΑΤΤΙΚΗΣ
13561,ΑΓΙΟΙ ΑΝΑΡΓΥΡΟΙ,ΑΤΤΙΚΗΣ
13562,ΑΓΙΟΙ ΑΝΑΡΓΥΡΟΙ,ΑΤΤΙΚΗΣ
13674,ΑΧΑΡΝΕΣ,ΑΤΤΙΚΗΣ
13673,ΑΧΑΡΝΕΣ,ΑΤΤΙΚΗΣ
13672,ΑΧΑΡΝΕΣ,ΑΤΤΙΚΗΣ
13677,ΑΧΑΡΝΕΣ,ΑΤΤΙΚΗΣ
14121,ΗΡΑΚΛΕΙΟ,ΑΤΤΙΚΗΣ
14122,ΗΡΑΚΛΕΙΟ,ΑΤΤΙΚΗΣ
14123,ΛΥΚΟΒΡΥΣΗ,ΑΤΤΙΚΗΣ
14452,ΜΕΤΑΜΟΡΦΩΣΗ,ΑΤΤΙΚΗΣ
14123,ΗΡΑΚΛΕΙΟ,ΑΤΤΙΚΗΣ
14231,ΝΕΑ ΙΩΝΙΑ,ΑΤΤΙΚΗΣ
14233,ΝΕΑ ΙΩΝΙΑ,ΑΤΤΙΚΗΣ
14234,ΝΕΑ ΙΩΝΙΑ,ΑΤΤΙΚΗΣ
14232,ΝΕΑ ΙΩΝΙΑ,ΑΤΤΙΚΗΣ
14235,ΝΕΑ ΙΩΝΙΑ,ΑΤΤΙΚΗΣ
14341,ΝΕΑ ΦΙΛΑΔΕΛΦΕΙΑ,ΑΤΤΙΚΗΣ
14342,ΝΕΑ ΦΙΛΑΔΕΛΦΕΙΑ,ΑΤΤΙΚΗΣ
14343,ΝΕΑ ΧΑΛΚΗΔΟΝΑ,ΑΤΤΙΚΗΣ
14343,ΝΕΑ ΧΑΛΚΙΔΟΝΑ,ΑΤΤΙΚΗΣ
14451,ΜΕΤΑΜΟΡΦΩΣΗ,ΑΤΤΙΚΗΣ
14561,ΚΗΦΙΣΙΑ,ΑΤΤΙΚΗΣ
14562,ΚΗΦΙΣΙΑ,ΑΤΤΙΚΗΣ
14564,ΚΗΦΙΣΙΑ,ΑΤΤΙΚΗΣ
14563,ΚΗΦΙΣΙΑ,ΑΤΤΙΚΗΣ
14574,ΡΟΔΟΠΟΛΗ,ΑΤΤΙΚΗΣ
14578,ΕΚΑΛΗ,ΑΤΤΙΚΗΣ
14568,ΚΡΥΟΝΕΡΙ,ΑΤΤΙΚΗΣ
14572,ΔΡΟΣΙΑ,ΑΤΤΙΚΗΣ
14576,ΔΙΟΝΥΣΟΣ,ΑΤΤΙΚΗΣ
14565,ΑΓΙΟΣ ΣΤΕΦΑΝΟΣ,ΑΤΤΙΚΗΣ
14671,ΕΚΑΛΗ,ΑΤΤΙΚΗΣ
14569,ΑΝΟΙΞΗ,ΑΤΤΙΚΗΣ
14565,ΠΟΛΙΤΕΙΑ,ΑΤΤΙΚΗΣ
14565,ΑΓΙΟΣ ΣΤΑΦΑΝΟΣ,ΑΤΤΙΚΗΣ
14671,ΝΕΑ ΕΡΥΘΡΑΙΑ,ΑΤΤΙΚΗΣ
15121,ΠΕΥΚΗ,ΑΤΤΙΚΗΣ
15122,ΜΑΡΟΥΣΙ,ΑΤΤΙΚΗΣ
15123,ΜΑΡΟΥΣΙ,ΑΤΤΙΚΗΣ
15124,ΜΑΡΟΥΣΙ,ΑΤΤΙΚΗΣ
15125,ΜΑΡΟΥΣΙ,ΑΤΤΙΚΗΣ
15126,ΜΑΡΟΥΣΙ,ΑΤΤΙΚΗΣ
15233,ΜΑΡΟΥΣΙ,ΑΤΤΙΚΗΣ
15233,ΧΑΛΑΝΔΡΙ,ΑΤΤΙΚΗΣ
15127,ΜΕΛΙΣΣΙΑ,ΑΤΤΙΚΗΣ
15231,ΧΑΛΑΝΔΡΙ,ΑΤΤΙΚΗΣ
15232,ΧΑΛΑΝΔΡΙ,ΑΤΤΙΚΗΣ
15234,ΧΑΛΑΝΔΡΙ,ΑΤΤΙΚΗΣ
15125,ΧΑΛΑΝΔΡΙ,ΑΤΤΙΚΗΣ
15235,ΒΡΙΛΗΣΙΑ,ΑΤΤΙΚΗΣ
15235,ΧΑΛΑΝΔΡΙ,ΑΤΤΙΚΗΣ
15236,ΝΕΑ ΠΕΝΤΕΛΗ,ΑΤΤΙΚΗΣ
15236,ΠΕΝΤΕΛΗ,ΑΤΤΙΚΗΣ
15237,ΦΙΛΟΘΕΗ,ΑΤΤΙΚΗΣ
15237,ΦΙΛNΘΕΗ,ΑΤΤΙΚΗΣ
15237,ΨΥΧΙΚΟ,ΑΤΤΙΚΗΣ
15341,ΑΓΙΑ ΠΑΡΑΣΚΕΥΗ,ΑΤΤΙΚΗΣ
15342,ΑΓΙΑ ΠΑΡΑΣΚΕΥΗ,ΑΤΤΙΚΗΣ
15343,ΑΓΙΑ ΠΑΡΑΣΚΕΥΗ,ΑΤΤΙΚΗΣ
15344,ΣΤΑΥΡΟΣ,ΑΤΤΙΚΗΣ
15344,ΓΕΡΑΚΑΣ,ΑΤΤΙΚΗΣ
15354,ΓΛΥΚΑ ΝΕΡΑ,ΑΤΤΙΚΗΣ
15351,ΠΑΛΛΗΝΗ,ΑΤΤΙΚΗΣ
15238,ΧΑΛΑΝΔΡΙ,ΑΤΤΙΚΗΣ
15451,ΝΕΟ ΨΥΧΙΚΟ,ΑΤΤΙΚΗΣ
15452,ΨΥΧΙΚΟ,ΑΤΤΙΚΗΣ
15561,ΧΟΛΑΡΓΟΣ,ΑΤΤΙΚΗΣ
15562,ΧΟΛΑΡΓΟΣ,ΑΤΤΙΚΗΣ
15669,ΠΑΠΑΓΟΣ,ΑΤΤΙΚΗΣ
17563,ΠΑΛΑΙΟ ΦΑΛΗΡΟ,ΑΤΤΙΚΗΣ
15771,ΖΩΓΡΑΦΟΣ,ΑΤΤΙΚΗΣ
15773,ΖΩΓΡΑΦΟΣ,ΑΤΤΙΚΗΣ
15772,ΖΩΓΡΑΦΟΣ,ΑΤΤΙΚΗΣ
15669,ΠΑΠΑΓΟΥ,ΑΤΤΙΚΗΣ
16121,ΚΑΙΣΑΡΙΑΝΗ,ΑΤΤΙΚΗΣ
16121,ΑΘΗΝΑ,ΑΤΤΙΚΗΣ
16122,ΚΑΙΣΑΡΙΑΝΗ,ΑΤΤΙΚΗΣ
16231,ΒΥΡΩΝΑΣ,ΑΤΤΙΚΗΣ
16232,ΒΥΡΩΝΑΣ,ΑΤΤΙΚΗΣ
16233,ΒΥΡΩΝΑΣ,ΑΤΤΙΚΗΣ
16342,ΗΛΙΟΥΠΟΛΗ,ΑΤΤΙΚΗΣ
16341,ΗΛΙΟΥΠΟΛΗ,ΑΤΤΙΚΗΣ
16346,ΗΛΙΟΥΠΟΛΗ,ΑΤΤΙΚΗΣ
16343,ΗΛΙΟΥΠΟΛΗ,ΑΤΤΙΚΗΣ
16345,ΗΛΙΟΥΠΟΛΗ,ΑΤΤΙΚΗΣ
16344,ΗΛΙΟΥΠΟΛΗ,ΑΤΤΙΚΗΣ
16450,ΑΡΓΥΡΟΥΠΟΛΗ,ΑΤΤΙΚΗΣ
16452,ΑΡΓΥΡΟΥΠΟΛΗ,ΑΤΤΙΚΗΣ
16451,ΑΡΓΥΡΟΥΠΟΛΗ,ΑΤΤΙΚΗΣ
16552,ΓΛΥΦΑΔΑ,ΑΤΤΙΚΗΣ
16562,ΓΛΥΦΑΔΑ,ΑΤΤΙΚΗΣ
16561,ΓΛΥΦΑΔΑ,ΑΤΤΙΚΗΣ
16675,ΓΛΥΦΑΔΑ,ΑΤΤΙΚΗΣ
16674,ΓΛΥΦΑΔΑ,ΑΤΤΙΚΗΣ
16777,ΓΛΥΦΑΔΑ,ΑΤΤΙΚΗΣ
16671,ΒΟΥΛΙΑΓΜΕΝΗ,ΑΤΤΙΚΗΣ
16672,ΒΑΡΗ,ΑΤΤΙΚΗΣ
16673,ΒΟΥΛΑ,ΑΤΤΙΚΗΣ
16777,ΕΛΛΗΝΙΚΟ,ΑΤΤΙΚΗΣ
16674,ΕΛΛΗΝΙΚΟ,ΑΤΤΙΚΗΣ
17121,ΝΕΑ ΣΜΥΡΝΗ,ΑΤΤΙΚΗΣ
17123,ΝΕΑ ΣΜΥΡΝΗ,ΑΤΤΙΚΗΣ
17124,ΝΕΑ ΣΜΥΡΝΗ,ΑΤΤΙΚΗΣ
17122,ΝΕΑ ΣΜΥΡΝΗ,ΑΤΤΙΚΗΣ
17564,ΠΑΛΑΙΟ ΦΑΛΗΡΟ,ΑΤΤΙΚΗΣ
17232,ΔΑΦΝΗ,ΑΤΤΙΚΗΣ
17234,ΔΑΦΝΗ,ΑΤΤΙΚΗΣ
17235,ΔΑΦΝΗ,ΑΤΤΙΚΗΣ
17237,ΔΑΦΝΗ,ΑΤΤΙΚΗΣ
17236,ΥΜΗΤΤΟΣ,ΑΤΤΙΚΗΣ
17236,ΔΑΦΝΗ,ΑΤΤΙΚΗΣ
17236,ΑΓΙΟΣ ΔΗΜΗΤΡΙΟΣ,ΑΤΤΙΚΗΣ
17237,ΥΜΗΤΤΟΣ,ΑΤΤΙΚΗΣ
17341,ΑΓΙΟΣ ΔΗΜΗΤΡΙΟΣ,ΑΤΤΙΚΗΣ
17343,ΑΓΙΟΣ ΔΗΜΗΤΡΙΟΣ,ΑΤΤΙΚΗΣ
17342,ΑΓΙΟΣ ΔΗΜΗΤΡΙΟΣ,ΑΤΤΙΚΗΣ
17455,ΑΛΙΜΟΣ,ΑΤΤΙΚΗΣ
17456,ΑΛΙΜΟΣ,ΑΤΤΙΚΗΣ
17561,ΠΑΛΑΙΟ ΦΑΛΗΡΟ,ΑΤΤΙΚΗΣ
17562,ΠΑΛΑΙΟ ΦΑΛΗΡΟ,ΑΤΤΙΚΗΣ
17672,ΚΑΛΛΙΘΕΑ,ΑΤΤΙΚΗΣ
17671,ΚΑΛΛΙΘΕΑ,ΑΤΤΙΚΗΣ
17673,ΚΑΛΛΙΘΕΑ,ΑΤΤΙΚΗΣ
17674,ΚΑΛΛΙΘΕΑ,ΑΤΤΙΚΗΣ
17675,ΚΑΛΛΙΘΕΑ,ΑΤΤΙΚΗΣ
17676,ΚΑΛΛΙΘΕΑ,ΑΤΤΙΚΗΣ
17778,ΤΑΥΡΟΣ,ΑΤΤΙΚΗΣ
15344,ΠΑΛΛΗΝΗ,ΑΤΤΙΚΗΣ
15238,ΧΑΛΑΝΔΡΙΟΥ,ΑΤΤΙΚΗΣ
15349,ΑΝΘΟΥΣΑ,ΑΤΤΙΚΗΣ
15344,ΑΝΘΟΥΣΑ,ΑΤΤΙΚΗΣ
15344,ΓΛΥΚΑ ΝΕΡΑ,ΑΤΤΙΚΗΣ
18758,ΚΕΡΑΤΣΙΝΙ,ΑΤΤΙΚΗΣ
18648,ΔΡΑΠΕΤΣΩΝΑ,ΑΤΤΙΚΗΣ
18755,ΚΕΡΑΤΣΙΝΙ,ΑΤΤΙΚΗΣ
18756,ΚΕΡΑΤΣΙΝΙ,ΑΤΤΙΚΗΣ
18543,ΠΕΙΡΑΙΑΣ,ΑΤΤΙΚΗΣ
18863,ΠΕΡΑΜΑ,ΑΤΤΙΚΗΣ
18451,ΝΙΚΑΙΑ,ΑΤΤΙΚΗΣ
18757,ΚΕΡΑΤΣΙΝΙ,ΑΤΤΙΚΗΣ
18233,ΑΓΙΟΣ ΙΩΑΝΝΗΣ ΡΕΝΤΗΣ,ΑΤΤΙΚΗΣ
18535,ΠΕΙΡΑΙΑΣ,ΑΤΤΙΚΗΣ
18532,ΠΕΙΡΑΙΑΣ,ΑΤΤΙΚΗΣ
18531,ΠΕΙΡΑΙΑΣ,ΑΤΤΙΚΗΣ
18542,ΠΕΙΡΑΙΑΣ,ΑΤΤΙΚΗΣ
18450,ΝΙΚΑΙΑ,ΑΤΤΙΚΗΣ
18120,ΚΟΡΥΔΑΛΛΟΣ,ΑΤΤΙΚΗΣ
18345,ΜΟΣΧΑΤΟ,ΑΤΤΙΚΗΣ
18122,ΚΟΡΥΔΑΛΛΟΣ,ΑΤΤΙΚΗΣ
18452,ΝΙΚΑΙΑ,ΑΤΤΙΚΗΣ
18533,ΠΕΙΡΑΙΑΣ,ΑΤΤΙΚΗΣ
18541,ΠΕΙΡΑΙΑΣ,ΑΤΤΙΚΗΣ
18344,ΜΟΣΧΑΤΟ,ΑΤΤΙΚΗΣ
18454,ΝΙΚΑΙΑ,ΑΤΤΙΚΗΣ
18544,ΠΕΙΡΑΙΑΣ,ΑΤΤΙΚΗΣ
18539,ΠΕΙΡΑΙΑΣ,ΑΤΤΙΚΗΣ
18453,ΝΙΚΑΙΑ,ΑΤΤΙΚΗΣ
18545,ΠΕΙΡΑΙΑΣ,ΑΤΤΙΚΗΣ
18546,ΠΕΙΡΑΙΑΣ,ΑΤΤΙΚΗΣ
18547,ΠΕΙΡΑΙΑΣ,ΑΤΤΙΚΗΣ
18540,ΠΕΙΡΑΙΑΣ,ΑΤΤΙΚΗΣ
18121,ΚΟΡΥΔΑΛΛΟΣ,ΑΤΤΙΚΗΣ
18537,ΠΕΙΡΑΙΑΣ,ΑΤΤΙΚΗΣ
18346,ΜΟΣΧΑΤΟ,ΑΤΤΙΚΗΣ
18536,ΠΕΙΡΑΙΑΣ,ΑΤΤΙΚΗΣ
18534,ΠΕΙΡΑΙΑΣ,ΑΤΤΙΚΗΣ
18538,ΠΕΙΡΑΙΑΣ,ΑΤΤΙΚΗΣ
54643,ΘΕΣΣΑΛΟΝΙΚΗ,ΘΕΣΣΑΛΟΝΙΚΗΣ
54635,ΘΕΣΣΑΛΟΝΙΚΗ,ΘΕΣΣΑΛΟΝΙΚΗΣ
55131,ΚΑΛΑΜΑΡΙΑ,ΘΕΣΣΑΛΟΝΙΚΗΣ
56224,ΕΥΟΣΜΟ,ΘΕΣΣΑΛΟΝΙΚΗΣ
54351,ΘΕΣΣΑΛΟΝΙΚΗ,ΘΕΣΣΑΛΟΝΙΚΗΣ
54625,ΘΕΣΣΑΛΟΝΙΚΗ,ΘΕΣΣΑΛΟΝΙΚΗΣ
56727,ΝΕΑΠΟΛΗ,ΘΕΣΣΑΛΟΝΙΚΗΣ
56429,ΠΟΛΙΧΝΗ,ΘΕΣΣΑΛΟΝΙΚΗΣ
56430,ΣΤΑΥΡΟΥΠΟΛΗ,ΘΕΣΣΑΛΟΝΙΚΗΣ
54634,ΘΕΣΣΑΛΟΝΙΚΗ,ΘΕΣΣΑΛΟΝΙΚΗΣ
56533,ΠΟΛΙΧΝΗ,ΘΕΣΣΑΛΟΝΙΚΗΣ
54636,ΘΕΣΣΑΛΟΝΙΚΗ,ΘΕΣΣΑΛΟΝΙΚΗΣ
54629,ΘΕΣΣΑΛΟΝΙΚΗ,ΘΕΣΣΑΛΟΝΙΚΗΣ
56123,ΑΜΠΕΛΟΚΗΠΟΙ,ΘΕΣΣΑΛΟΝΙΚΗΣ
54352,ΘΕΣΣΑΛΟΝΙΚΗ,ΘΕΣΣΑΛΟΝΙΚΗΣ
55438,ΑΓΙΟΣ ΠΑΥΛΟΣ,ΘΕΣΣΑΛΟΝΙΚΗΣ
54453,ΘΕΣΣΑΛΟΝΙΚΗ,ΘΕΣΣΑΛΟΝΙΚΗΣ
54628,ΜΕΝΕΜΕΝΗ,ΘΕΣΣΑΛΟΝΙΚΗΣ
54621,ΘΕΣΣΑΛΟΝΙΚΗ,ΘΕΣΣΑΛΟΝΙΚΗΣ
54622,ΘΕΣΣΑΛΟΝΙΚΗ,ΘΕΣΣΑΛΟΝΙΚΗΣ
38446,ΝΕΑ ΙΩΝΙΑ ΒΟΛΟΣ,ΜΑΓΝΗΣΙΑΣ
38445,ΝΕΑ ΙΩΝΙΑ ΒΟΛΟΣ,ΜΑΓΝΗΣΙΑΣ
38334,ΒΟΛΟΣ,ΜΑΓΝΗΣΙΑΣ
38222,ΒΟΛΟΣ,ΜΑΓΝΗΣΙΑΣ
38446,ΝΕΑ ΙΩΝΙΑΒΟΛΟΣ,ΜΑΓΝΗΣΙΑΣ
38333,ΒΟΛΟΣ,ΜΑΓΝΗΣΙΑΣ
38221,ΒΟΛΟΣ,ΜΑΓΝΗΣΙΑΣ
38500,ΒΟΛΟΣ,ΜΑΓΝΗΣΙΑΣ
38322,ΒΟΛΟΣ,ΜΑΓΝΗΣΙΑΣ
38221,ΧΡΥΣΟΧΟΙΔΗ ΒΟΛΟΣ,ΜΑΓΝΗΣΙΑΣ
38446,ΒΟΛΟΣ,ΜΑΓΝΗΣΙΑΣ
,ΒΟΛΟΣ,ΜΑΓΝΗΣΙΑΣ
38331,ΒΟΛΟΣ,ΜΑΓΝΗΣΙΑΣ
38445,ΝΕΑ ΙΩΝΙΑΒΟΛΟΣ,ΜΑΓΝΗΣΙΑΣ
38300,ΒΟΛΟΣ,ΜΑΓΝΗΣΙΑΣ
41334,ΛΑΡΙΣΑ,ΛΑΡΙΣΑΣ
41222,ΛΑΡΙΣΑ,ΛΑΡΙΣΑΣ
41335,ΛΑΡΙΣΑ,ΛΑΡΙΣΑΣ
41447,ΛΑΡΙΣΑ,ΛΑΡΙΣΑΣ
41336,ΛΑΡΙΣΑ,ΛΑΡΙΣΑΣ
41221,ΛΑΡΙΣΑ,ΛΑΡΙΣΑΣ
41223,ΛΑΡΙΣΑ,ΛΑΡΙΣΑΣ
71601,Ν.ΑΛΙΚΑΡΝΑΣΣΟΣ,ΗΡΑΚΛΕΙΟΥ
71409,ΗΡΑΚΛΕΙΟ,ΗΡΑΚΛΕΙΟΥ
71201,ΗΡΑΚΛΕΙΟ,ΗΡΑΚΛΕΙΟΥ
71410,ΗΡΑΚΛΕΙΟ,ΗΡΑΚΛΕΙΟΥ
71304,ΗΡΑΚΛΕΙΟ,ΗΡΑΚΛΕΙΟΥ
71307,ΗΡΑΚΛΕΙΟ,ΗΡΑΚΛΕΙΟΥ
71202,ΗΡΑΚΛΕΙΟ,ΗΡΑΚΛΕΙΟΥ
71500,ΗΡΑΚΛΕΙΟ,ΗΡΑΚΛΕΙΟΥ
71305,ΗΡΑΚΛΕΙΟ,ΗΡΑΚΛΕΙΟΥ
71306,ΗΡΑΚΛΕΙΟ,ΗΡΑΚΛΕΙΟΥ
71303,ΗΡΑΚΛΕΙΟ,ΗΡΑΚΛΕΙΟΥ
71309,ΗΡΑΚΛΕΙΟ,ΗΡΑΚΛΕΙΟΥ
73131,ΧΑΝΙΑ,ΧΑΝΙΩΝ
73300,ΜΟΥΡΝΙΕΣ,ΧΑΝΙΩΝ
73136,ΧΑΝΙΑ,ΧΑΝΙΩΝ
73132,ΧΑΝΙΑ,ΧΑΝΙΩΝ
73133,ΧΑΝΙΑ,ΧΑΝΙΩΝ
73134,ΧΑΝΙΑ,ΧΑΝΙΩΝ
73135,ΧΑΝΙΑ,ΧΑΝΙΩΝ
73100,ΧΑΝΙΑ,ΧΑΝΙΩΝ
65403,ΚΑΒΑΛΑ,ΚΑΒΑΛΑΣ
45332,ΙΩΑΝΝΙΝΑ,ΙΩΑΝΝΙΝΩΝ
45221,ΙΩΑΝΝΙΝΑ,ΙΩΑΝΝΙΝΩΝ
45444,ΙΩΑΝΝΙΝΑ,ΙΩΑΝΝΙΝΩΝ
45333,ΙΩΑΝΝΙΝΑ,ΙΩΑΝΝΙΝΩΝ
45445,ΙΩΑΝΝΙΝΑ,ΙΩΑΝΝΙΝΩΝ
45232,ΙΩΑΝΝΙΝΑ,ΙΩΑΝΝΙΝΩΝ
45442,ΙΩΑΝΝΙΝΑ,ΙΩΑΝΝΙΝΩΝ
65302,ΚΑΒΑΛΑ,ΚΑΒΑΛΑΣ
65201,ΚΑΒΑΛΑ,ΚΑΒΑΛΑΣ
65404,ΚΑΒΑΛΑ,ΚΑΒΑΛΑΣ
26331,ΠΑΤΡΑ,ΑΧΑΙΑΣ
26332,ΠΑΤΡΑ,ΑΧΑΙΑΣ
26500,ΠΑΤΡΑ,ΑΧΑΙΑΣ
26333,ΠΑΤΡΑ,ΑΧΑΙΑΣ
26442,ΠΑΤΡΑ,ΑΧΑΙΑΣ
26443,ΠΑΤΡΑ,ΑΧΑΙΑΣ
26441,ΠΑΤΡΑ,ΑΧΑΙΑΣ
26334,ΠΑΤΡΑ,ΑΧΑΙΑΣ
26225,ΠΑΤΡΑ,ΑΧΑΙΑΣ
26223,ΠΑΤΡΑ,ΑΧΑΙΑΣ
26335,ΠΑΤΡΑ,ΑΧΑΙΑΣ
26221,ΠΑΤΡΑ,ΑΧΑΙΑΣ
26222,ΠΑΤΡΑ,ΑΧΑΙΑΣ
26226,ΠΑΤΡΑ,ΑΧΑΙΑΣ
26234,ΠΑΤΡΑ,ΑΧΑΙΑΣ
26224,ΠΑΤΡΑ,ΑΧΑΙΑΣ
26444,ΠΑΤΡΑ,ΑΧΑΙΑΣ
65404,ΧΑΝΙΑ,ΚΑΒΑΛΑΣ
62125,ΣΕΡΡΕΣ,ΣΕΡΡΩΝ
62124,ΣΕΡΡΕΣ,ΣΕΡΡΩΝ
62122,ΣΕΡΡΕΣ,ΣΕΡΡΩΝ
62123,ΣΕΡΡΕΣ,ΣΕΡΡΩΝ
62121,ΣΕΡΡΕΣ,ΣΕΡΡΩΝ
56122,ΜΕΝΕΜΕΝΗ,ΘΕΣΣΑΛΟΝΙΚΗΣ
54250,ΘΕΣΣΑΛΟΝΙΚΗ,ΘΕΣΣΑΛΟΝΙΚΗΣ
55132,ΚΑΛΑΜΑΡΙΑ,ΘΕΣΣΑΛΟΝΙΚΗΣ
56121,ΑΜΠΕΛΟΚΗΠΟΙ,ΘΕΣΣΑΛΟΝΙΚΗΣ
54623,ΘΕΣΣΑΛΟΝΙΚΗ,ΘΕΣΣΑΛΟΝΙΚΗΣ
56532,ΠΟΛΙΧΝΗ,ΘΕΣΣΑΛΟΝΙΚΗΣ
54632,ΘΕΣΣΑΛΟΝΙΚΗ,ΘΕΣΣΑΛΟΝΙΚΗΣ
56431,ΣΤΑΥΡΟΥΠΟΛΗ,ΘΕΣΣΑΛΟΝΙΚΗΣ
54631,ΘΕΣΣΑΛΟΝΙΚΗ,ΘΕΣΣΑΛΟΝΙΚΗΣ
54633,ΘΕΣΣΑΛΟΝΙΚΗ,ΘΕΣΣΑΛΟΝΙΚΗΣ
56429,ΕΥΚΑΡΠΙΑ,ΘΕΣΣΑΛΟΝΙΚΗΣ
54640,ΘΕΣΣΑΛΟΝΙΚΗ,ΘΕΣΣΑΛΟΝΙΚΗΣ
55133,ΚΑΛΑΜΑΡΙΑ,ΘΕΣΣΑΛΟΝΙΚΗΣ
56334,ΕΛΕΥΘΕΡΙΟ,ΘΕΣΣΑΛΟΝΙΚΗΣ
55236,ΠΑΝΟΡΑΜΑ,ΘΕΣΣΑΛΟΝΙΚΗΣ
54630,ΘΕΣΣΑΛΟΝΙΚΗ,ΘΕΣΣΑΛΟΝΙΚΗΣ
54638,ΘΕΣΣΑΛΟΝΙΚΗ,ΘΕΣΣΑΛΟΝΙΚΗΣ
56625,ΣΥΚΙΕΣ,ΘΕΣΣΑΛΟΝΙΚΗΣ
56431,ΕΥΟΣΜΟ,ΘΕΣΣΑΛΟΝΙΚΗΣ
54655,ΘΕΣΣΑΛΟΝΙΚΗ,ΘΕΣΣΑΛΟΝΙΚΗΣ
54624,ΘΕΣΣΑΛΟΝΙΚΗ,ΘΕΣΣΑΛΟΝΙΚΗΣ
55337,ΤΡΙΑΝΔΡΙΑ,ΘΕΣΣΑΛΟΝΙΚΗΣ
54642,ΘΕΣΣΑΛΟΝΙΚΗ,ΘΕΣΣΑΛΟΝΙΚΗΣ
55134,ΚΑΛΑΜΑΡΙΑ,ΘΕΣΣΑΛΟΝΙΚΗΣ
56626,ΣΥΚΙΕΣ,ΘΕΣΣΑΛΟΝΙΚΗΣ
54627,ΘΕΣΣΑΛΟΝΙΚΗ,ΘΕΣΣΑΛΟΝΙΚΗΣ
54248,ΘΕΣΣΑΛΟΝΙΚΗ,ΘΕΣΣΑΛΟΝΙΚΗΣ
54454,ΘΕΣΣΑΛΟΝΙΚΗ,ΘΕΣΣΑΛΟΝΙΚΗΣ
56728,ΝΕΑΠΟΛΗ,ΘΕΣΣΑΛΟΝΙΚΗΣ
54249,ΘΕΣΣΑΛΟΝΙΚΗ,ΘΕΣΣΑΛΟΝΙΚΗΣ
54639,ΘΕΣΣΑΛΟΝΙΚΗ,ΘΕΣΣΑΛΟΝΙΚΗΣ
56429,ΣΤΑΥΡΟΥΠΟΛΗ,ΘΕΣΣΑΛΟΝΙΚΗΣ
54645,ΘΕΣΣΑΛΟΝΙΚΗ,ΘΕΣΣΑΛΟΝΙΚΗΣ
54646,ΘΕΣΣΑΛΟΝΙΚΗ,ΘΕΣΣΑΛΟΝΙΚΗΣ
54644,ΘΕΣΣΑΛΟΝΙΚΗ,ΘΕΣΣΑΛΟΝΙΚΗΣ
54641,ΘΕΣΣΑΛΟΝΙΚΗ,ΘΕΣΣΑΛΟΝΙΚΗΣ
54628,ΘΕΣΣΑΛΟΝΙΚΗ,ΘΕΣΣΑΛΟΝΙΚΗΣ
54626,ΘΕΣΣΑΛΟΝΙΚΗ,ΘΕΣΣΑΛΟΝΙΚΗΣ
55535,ΠΥΛΑΙΑ,ΘΕΣΣΑΛΟΝΙΚΗΣ
57001,ΘΕΡΜΗ,ΘΕΣΣΑΛΟΝΙΚΗΣ
56123,ΑΠΜΠΕΛΟΚΗΠΟΙ,ΘΕΣΣΑΛΟΝΙΚΗΣ
53438,ΑΓΙΟΣ ΠΑΥΛΟΣ,ΘΕΣΣΑΛΟΝΙΚΗΣ
55133,ΚΑΛΑΜΑΡΙΑΣ,ΘΕΣΣΑΛΟΝΙΚΗΣ
54248,ΕΛΕΥΘΕΡΙΟ,ΘΕΣΣΑΛΟΝΙΚΗΣ
54636,ΑΓΙΟΣ ΠΑΥΛΟΣ,ΘΕΣΣΑΛΟΝΙΚΗΣ
55337,ΤΡΙΑΝΔΡΙΑΣ,ΘΕΣΣΑΛΟΝΙΚΗΣ
56224,ΕΥΟΣΜΟΣ,ΘΕΣΣΑΛΟΝΙΚΗΣ
41500,ΛΑΡΙΣΑ,ΛΑΡΙΣΑΣ
30008,ΘΕΡΜΟ,ΑΙΤΩΛΟΑΚΑΡΝΑΝΙΑΣ
30021,ΑΓΙΟΣ ΒΛΑΣΙΟΣ,ΑΙΤΩΛΟΑΚΑΡΝΑΝΙΑΣ
30400,ΑΙΤΩΛΙΚΟ,ΑΙΤΩΛΟΑΚΑΡΝΑΝΙΑΣ
30002,ΒΟΝΙΤΣΑ,ΑΙΤΩΛΟΑΚΑΡΝΑΝΙΑΣ
30010,ΠΑΡΑΒΟΛΑ,ΑΙΤΩΛΟΑΚΑΡΝΑΝΙΑΣ
30011,ΜΑΤΑΡΑΓΚΑ,ΑΙΤΩΛΟΑΚΑΡΝΑΝΙΑΣ
30026,ΣΙΜΟΣ,ΑΙΤΩΛΟΑΚΑΡΝΑΝΙΑΣ
30500,ΑΜΦΙΛΟΧΙΑ,ΑΙΤΩΛΟΑΚΑΡΝΑΝΙΑΣ
30015,ΓΑΒΑΛΟΥ,ΑΙΤΩΛΟΑΚΑΡΝΑΝΙΑΣ
30014,ΕΥΗΝΟΧΩΡΙ,ΑΙΤΩΛΟΑΚΑΡΝΑΝΙΑΣ
30100,ΑΓΡΙΝΙΟ,ΑΙΤΩΛΟΑΚΑΡΝΑΝΙΑΣ
30025,ΚΛΕΠΑ,ΑΙΤΩΛΟΑΚΑΡΝΑΝΙΑΣ
30200,ΜΕΣΟΛΟΓΓΙ,ΑΙΤΩΛΟΑΚΑΡΝΑΝΙΑΣ
30027,ΑΓΙΟΣ ΚΩΝΣΤΑΝΤΙΝΟΣ,ΑΙΤΩΛΟΑΚΑΡΝΑΝΙΑΣ
30017,ΕΜΠΕΣΟΣ,ΑΙΤΩΛΟΑΚΑΡΝΑΝΙΑΣ
30004,ΚΑΤΟΥΝΑ,ΑΙΤΩΛΟΑΚΑΡΝΑΝΙΑΣ
30020,ΑΝΤΙΡΡΙΟ,ΑΙΤΩΛΟΑΚΑΡΝΑΝΙΑΣ
30009,ΦΥΤΕΙΕΣ,ΑΙΤΩΛΟΑΚΑΡΝΑΝΙΑΣ
30006,ΑΣΤΑΚΟΣ,ΑΙΤΩΛΟΑΚΑΡΝΑΝΙΑΣ
30018,ΑΜΟΡΓΙΑΝΟΙ,ΑΙΤΩΛΟΑΚΑΡΝΑΝΙΑΣ
30023,ΑΝΩ ΧΩΡΑ,ΑΙΤΩΛΟΑΚΑΡΝΑΝΙΑΣ
30300,ΝΑΥΠΑΚΤΟΣ,ΑΙΤΩΛΟΑΚΑΡΝΑΝΙΑΣ
30019,ΜΥΤΙΚΑΣ,ΑΙΤΩΛΟΑΚΑΡΝΑΝΙΑΣ
30024,ΤΕΡΨΙΘΕΑ,ΑΙΤΩΛΟΑΚΑΡΝΑΝΙΑΣ
30022,ΠΛΑΤΑΝΟΣ ΑΙΤΩΛ/ΝΙΑΣ,ΑΙΤΩΛΟΑΚΑΡΝΑΝΙΑΣ
47040,ΚΟΜΠΟΤΙ,ΑΙΤΩΛΟΑΚΑΡΝΑΝΙΑΣ
30001,ΝΕΟΧΩΡΙ ΑΙΤΩΛ/ΝΙΑΣ,ΑΙΤΩΛΟΑΚΑΡΝΑΝΙΑΣ
33059,ΑΡΤΟΤΙΝΑ,ΑΙΤΩΛΟΑΚΑΡΝΑΝΙΑΣ
30005,ΚΑΙΝΟΥΡΓΙΟ,ΑΙΤΩΛΟΑΚΑΡΝΑΝΙΑΣ
30214,ΕΥΗΝΟΧΩΡΙ,ΑΙΤΩΛΟΑΚΑΡΝΑΝΙΑΣ
30010,ΠΑΡΑΒΟΛΑΣ,ΑΙΤΩΛΟΑΚΑΡΝΑΝΙΑΣ
30007,ΚΑΤΟΧΗ,ΑΙΤΩΛΟΑΚΑΡΝΑΝΙΑΣ
30016,ΜΕΝΙΔΙ,ΑΙΤΩΛΟΑΚΑΡΝΑΝΙΑΣ
30013,ΜΟΝΑΣΤΗΡΑΚΙ,ΑΙΤΩΛΟΑΚΑΡΝΑΝΙΑΣ
30012,ΠΑΛΑΙΡΟΣ,ΑΙΤΩΛΟΑΚΑΡΝΑΝΙΑΣ
30003,ΠΑΝΑΙΤΩΛΙΟ,ΑΙΤΩΛΟΑΚΑΡΝΑΝΙΑΣ
31100,ΛΕΥΚΑΔΑ,ΑΙΤΩΛΟΑΚΑΡΝΑΝΙΑΣ
21051,ΕΡΜΙΟΝΗ,ΑΡΓΟΛΙΔΑΣ
21100,ΝΑΥΠΛΙΟ,ΑΡΓΟΛΙΔΑΣ
21055,ΑΓΙΑ ΤΡΙΑΔΑ ΑΡΓΟΛΙΔ.,ΑΡΓΟΛΙΔΑΣ
21052,ΛΥΓΟΥΡΙΟ,ΑΡΓΟΛΙΔΑΣ
21060,ΔΡΕΠΑΝΟ,ΑΡΓΟΛΙΔΑΣ
21200,ΑΡΓΟΣ,ΑΡΓΟΛΙΔΑΣ
20500,ΝΕΜΕΑ,ΑΡΓΟΛΙΔΑΣ
21300,ΚΡΑΝΙΔΙ,ΑΡΓΟΛΙΔΑΣ
21057,ΑΧΛΑΔΟΚΑΜΠΟΣ,ΑΡΓΟΛΙΔΑΣ
21054,ΝΕΑ ΕΠΙΔΑΥΡΟΣ,ΑΡΓΟΛΙΔΑΣ
21058,ΛΥΡΚΕΙΑ,ΑΡΓΟΛΙΔΑΣ
21059,ΠΑΛΑΙΑ ΕΠΙΔΑΥΡΟΣ,ΑΡΓΟΛΙΔΑΣ
21053,ΝΕΑ ΚΙΟΣ,ΑΡΓΟΛΙΔΑΣ
21056,ΤΟΛΟ,ΑΡΓΟΛΙΔΑΣ
22028,ΠΑΛΟΥΜΠΑ,ΑΡΚΑΔΙΑΣ
22011,ΚΟΛΛΙΝΕΣ,ΑΡΚΑΔΙΑΣ
22012,ΣΤΑΔΙΟ,ΑΡΚΑΔΙΑΣ
22001,ΑΣΤΡΟΣ,ΑΡΚΑΔΙΑΣ
22007,ΔΗΜΗΤΣΑΝΑΣ,ΑΡΚΑΔΙΑΣ
22006,ΑΓΙΟΣ ΑΝΔΡΕΑΣ,ΑΡΚΑΔΙΑΣ
22300,ΛΕΩΝΙΔΙ,ΑΡΚΑΔΙΑΣ
22100,ΤΡΙΠΟΛΗ,ΑΡΚΑΔΙΑΣ
25012,ΛΙΒΑΡΤΖΙ,ΑΡΚΑΔΙΑΣ
22003,ΛΑΓΚΑΔΙΑ,ΑΡΚΑΔΙΑΣ
22009,ΑΓΙΟΣ ΠΕΤΡΟΣ,ΑΡΚΑΔΙΑΣ
22027,ΚΑΤΩ ΑΣΕΑ,ΑΡΚΑΔΙΑΣ
22010,ΒΥΤΙΝΑ,ΑΡΚΑΔΙΑΣ
22002,ΛΕΒΙΔΙ,ΑΡΚΑΔΙΑΣ
22021,ΛΕΟΝΤΑΡΙ ΑΡΚΑΔΙΑΣ,ΑΡΚΑΔΙΑΣ
22200,ΜΕΓΑΛΟΠΟΛΗ,ΑΡΚΑΔΙΑΣ
22013,ΚΑΣΤΡΙ,ΑΡΚΑΔΙΑΣ
22014,ΒΑΛΤΕΣΙΝΙΚΟ,ΑΡΚΑΔΙΑΣ
22022,ΚΑΡΙΤΑΙΝΑ,ΑΡΚΑΔΙΑΣ
22025,ΙΣΑΡΗΣ,ΑΡΚΑΔΙΑΣ
22015,ΚΟΝΤΟΒΑΖΑΙΝΑ,ΑΡΚΑΔΙΑΣ
22007,ΔΗΜΗΤΣΑΝΑ,ΑΡΚΑΔΙΑΣ
22008,ΤΡΟΠΑΙΑ,ΑΡΚΑΔΙΑΣ
22016,ΒΛΑΧΟΚΕΡΑΣΕΑ,ΑΡΚΑΔΙΑΣ
22017,ΔΑΡΑΣ,ΑΡΚΑΔΙΑΣ
22018,ΕΛΑΙΟΧΩΡΙ,ΑΡΚΑΔΙΑΣ
22004,ΚΑΝΔΗΛΑ,ΑΡΚΑΔΙΑΣ
22020,ΚΟΣΜΑΣ,ΑΡΚΑΔΙΑΣ
27061,ΑΝΔΡΙΤΣΑΙΝΑ,ΑΡΚΑΔΙΑΣ
22016,ΒΛΑΧΟΚΕΡΑΣΙΑ,ΑΡΚΑΔΙΑΣ
22026,ΜΑΓΟΥΛΙΑΝΑ,ΑΡΚΑΔΙΑΣ
22024,ΣΤΕΜΝΙΤΣΑ,ΑΡΚΑΔΙΑΣ
22005,ΝΕΣΤΑΝΗ,ΑΡΚΑΔΙΑΣ
25004,ΔΑΦΝΗ ΑΧΑΙΑΣ,ΑΡΚΑΔΙΑΣ
22019,ΠΑΡΑΛΙΟ ΑΣΤΡΟΣ,ΑΡΚΑΔΙΑΣ
47045,ΒΟΥΡΓΑΡΕΛΙ,ΑΡΤΑΣ
47100,ΑΡΤΑ,ΑΡΤΑΣ
47048,ΔΗΜΑΡΙ,ΑΡΤΑΣ
47044,ΑΝΩ ΚΑΛΕΝΤΙΝΗ,ΑΡΤΑΣ
47047,ΜΗΛΙΑΝΑ,ΑΡΤΑΣ
47040,ΚΟΜΠΟΤΙ,ΑΡΤΑΣ
47043,ΑΓΝΑΝΤΑ,ΑΡΤΑΣ
47046,ΡΟΔΑΥΓΗ,ΑΡΤΑΣ
48200,ΦΙΛΙΠΠΙΑΔΑ,ΑΡΤΑΣ
44001,ΠΡΑΜΑΝΤΑ,ΑΡΤΑΣ
47041,ΝΕΟΧΩΡΙ ΑΡΤΑΣ,ΑΡΤΑΣ
47200,ΠΕΤΑ,ΑΡΤΑΣ
47042,ΦΙΛΟΘΕΗ,ΑΡΤΑΣ
80100,ΚΥΘΗΡΑ,ΑΤΤΙΚΗΣ
80200,ΠΟΤΑΜΟΣ,ΑΤΤΙΚΗΣ
19015,ΝΕΑ ΠΑΛΑΤΙΑ,ΑΤΤΙΚΗΣ
18020,ΠΟΡΟΣ ΤΡΟΙΖΙΝΙΑΣ,ΑΤΤΙΚΗΣ
19016,ΑΡΤΕΜΙΣ,ΑΤΤΙΚΗΣ
18010,ΑΙΓΙΝΑ,ΑΤΤΙΚΗΣ
19007,ΜΑΡΑΘΩΝΑΣ,ΑΤΤΙΚΗΣ
19003,ΜΑΡΚΟΠΟΥΛΟ,ΑΤΤΙΚΗΣ
19013,ΑΝΑΒΥΣΣΟΣ,ΑΤΤΙΚΗΣ
18050,ΣΠΕΤΣΕΣ,ΑΤΤΙΚΗΣ
19014,ΚΑΠΑΝΔΡΙΤΙ,ΑΤΤΙΚΗΣ
18030,ΜΕΘΑΝΑ,ΑΤΤΙΚΗΣ
18900,ΣΑΛΑΜΙΝΑ,ΑΤΤΙΚΗΣ
19400,ΚΟΡΩΠΙ,ΑΤΤΙΚΗΣ
19004,ΣΠΑΤΑ,ΑΤΤΙΚΗΣ
19500,ΛΑΥΡΙΟ,ΑΤΤΙΚΗΣ
19002,ΠΑΙΑΝΙΑ,ΑΤΤΙΚΗΣ
19600,ΜΑΝΔΡΑ,ΑΤΤΙΚΗΣ
19100,ΜΕΓΑΡΑ,ΑΤΤΙΚΗΣ
19012,ΒΙΛΙΑ,ΑΤΤΙΚΗΣ
18902,ΑΜΠΕΛΑΚΙΑ,ΑΤΤΙΚΗΣ
15349,ΣΤΑΥΡΟΣ,ΑΤΤΙΚΗΣ
19300,ΑΣΠΡΟΠΥΡΓΟΣ,ΑΤΤΙΚΗΣ
19011,ΑΥΛΩΝΑ,ΑΤΤΙΚΗΣ
19001,ΚΕΡΑΤΕΑ,ΑΤΤΙΚΗΣ
18040,ΥΔΡΑ,ΑΤΤΙΚΗΣ
19009,ΡΑΦΗΝΑ,ΑΤΤΙΚΗΣ
16672,ΓΛΥΦΑΔΑ,ΑΤΤΙΚΗΣ
19200,ΕΛΕΥΣΙΝΑ,ΑΤΤΙΚΗΣ
19008,ΕΡΥΘΡΕΣ,ΑΤΤΙΚΗΣ
13501,ΖΕΦΥΡΙ,ΑΤΤΙΚΗΣ
13676,ΘΡΑΚΟΜΑΚΕΔΟΝΕΣ,ΑΤΤΙΚΗΣ
19010,ΚΑΛΥΒΙΑ ΘΟΡΙΚΟΥ,ΑΤΤΙΚΗΣ
19006,ΝΕΑ ΠΕΡΑΜΟΣ,ΑΤΤΙΚΗΣ
19005,ΝΕΑ ΜΑΚΡΗ,ΑΤΤΙΚΗΣ
18901,ΠΑΛΟΥΚΙΑ,ΑΤΤΙΚΗΣ
25015,ΕΡΥΜΑΝΘΕΙΑ,ΑΧΑΙΑΣ
25100,ΑΙΓΙΟ,ΑΧΑΙΑΣ
25006,ΑΚΡΑΤΑ,ΑΧΑΙΑΣ
25008,ΧΑΛΑΝΔΡΙΤΣΑ,ΑΧΑΙΑΣ
25200,ΚΑΤΩ ΑΧΑΙΑ,ΑΧΑΙΑΣ
25004,ΔΑΦΝΗ ΑΧΑΙΑΣ,ΑΧΑΙΑΣ
25007,ΚΛΕΙΤΟΡΙΑ,ΑΧΑΙΑΣ
26504,ΠΑΤΡΑΣ 4,ΑΧΑΙΑΣ
25012,ΛΙΒΑΡΤΖΙ,ΑΧΑΙΑΣ
25016,ΑΡΟΑΝΙΑ,ΑΧΑΙΑΣ
25010,ΑΙΓΕΙΡΑ,ΑΧΑΙΑΣ
25002,ΒΡΑΧΝΑΙΙΚΑ,ΑΧΑΙΑΣ
27052,Σ. Σ. ΒΑΡΔΑΣ,ΑΧΑΙΑΣ
25013,ΜΑΝΕΣΙ,ΑΧΑΙΑΣ
25003,ΔΙΑΚΟΠΤΟ,ΑΧΑΙΑΣ
25001,ΚΑΛΑΒΡΥΤΑ,ΑΧΑΙΑΣ
25014,ΠΛΑΤΑΝΟΣ ΑΧΑΙΑΣ,ΑΧΑΙΑΣ
25005,ΣΑΓΑΙΙΚΑ,ΑΧΑΙΑΣ
25004,ΔΑΦΝΗ,ΑΧΑΙΑΣ
25009,ΚΑΜΑΡΕΣ,ΑΧΑΙΑΣ
25011,ΚΕΡΤΕΖΗ,ΑΧΑΙΑΣ
25017,ΚΕΡΠΙΝΗ,ΑΧΑΙΑΣ
25018,ΒΙ.ΠΕ. ΠΑΤΡΩΝ,ΑΧΑΙΑΣ
32100,ΛΙΒΑΔΕΙΑ,ΒΟΙΩΤΙΑΣ
32001,ΑΛΙΑΡΤΟΣ,ΒΟΙΩΤΙΑΣ
32003,ΠΑΡΑΛΙΑ ΔΙΣΤΟΜΟΥ,ΒΟΙΩΤΙΑΣ
32300,ΟΡΧΟΜΕΝΟΣ,ΒΟΙΩΤΙΑΣ
32200,ΘΗΒΑ,ΒΟΙΩΤΙΑΣ
32007,ΑΓΙΟΣ ΓΕΩΡΓΙΟΣ ΒΟΙΩΤ,ΒΟΙΩΤΙΑΣ
32009,ΣΧΗΜΑΤΑΡΙ,ΒΟΙΩΤΙΑΣ
32012,ΑΝΤΙΚΥΡΑ,ΒΟΙΩΤΙΑΣ
32010,ΔΟΜΒΡΑΙΝΑ,ΒΟΙΩΤΙΑΣ
35015,ΚΑΤΩ ΤΙΘΟΡΕΑ,ΒΟΙΩΤΙΑΣ
32004,ΑΡΑΧΟΒΑ,ΒΟΙΩΤΙΑΣ
32002,ΒΑΓΙΑ,ΒΟΙΩΤΙΑΣ
32008,ΔΑΥΛΕΙΑ,ΒΟΙΩΤΙΑΣ
32011,ΟΙΝΟΦΥΤΑ,ΒΟΙΩΤΙΑΣ
32005,ΔΙΣΤΟΜΟ,ΒΟΙΩΤΙΑΣ
32006,ΚΥΡΙΑΚΙ,ΒΟΙΩΤΙΑΣ
35004,ΕΛΑΤΕΙΑ,ΒΟΙΩΤΙΑΣ
51032,ΠΟΛΥΝΕΡΙ,ΓΡΕΒΕΝΩΝ
51100,ΓΡΕΒΕΝΑ,ΓΡΕΒΕΝΩΝ
51030,ΑΓΙΟΣ ΓΕΩΡΓΙΟΣ ΓΡΕΒΕ,ΓΡΕΒΕΝΩΝ
51200,ΔΕΣΚΑΤΗ,ΓΡΕΒΕΝΩΝ
50007,ΠΕΝΤΑΛΟΦΟΣ,ΓΡΕΒΕΝΩΝ
51031,ΚΗΠΟΥΡΕΙΟ,ΓΡΕΒΕΝΩΝ
50004,ΑΙΑΝΗΣ,ΓΡΕΒΕΝΩΝ
66200,ΠΡΟΣΟΤΣΑΝΗ,ΔΡΑΜΑΣ
66031,ΚΑΛΑΜΠΑΚΙ,ΔΡΑΜΑΣ
66300,ΔΟΞΑΤΟ,ΔΡΑΜΑΣ
66032,ΚΥΡΙΑ,ΔΡΑΜΑΣ
66100,ΔΡΑΜΑ,ΔΡΑΜΑΣ
66035,ΠΑΡΑΝΕΣΤΙ,ΔΡΑΜΑΣ
66037,ΝΙΚΗΦΟΡΟΣ,ΔΡΑΜΑΣ
66033,ΚΑΤΩ ΝΕΥΡΟΚΟΠΙ,ΔΡΑΜΑΣ
66038,ΣΙΔΗΡΟΝΕΡΟ,ΔΡΑΜΑΣ
66034,ΦΩΤΟΛΙΒΟΣ,ΔΡΑΜΑΣ
66100,ΔΡΑΜΑΣ,ΔΡΑΜΑΣ
66036,ΜΙΚΡΟΠΟΛΗ,ΔΡΑΜΑΣ
62045,ΑΛΙΣΤΡΑΤΗ,ΣΕΡΡΩΝ
85001,ΛΕΙΨΟΙ,ΔΩΔΕΚΑΝΗΣΟΥ
85106,ΠΑΡΑΔΕΙΣΙ,ΔΩΔΕΚΑΝΗΣΟΥ
85800,ΚΑΣΟΣ,ΔΩΔΕΚΑΝΗΣΟΥ
85400,ΛΕΡΟΣ,ΔΩΔΕΚΑΝΗΣΟΥ
85002,ΤΗΛΟΣ,ΔΩΔΕΚΑΝΗΣΟΥ
85300,ΚΩΣ,ΔΩΔΕΚΑΝΗΣΟΥ
85108,ΚΡΗΤΗΝΙΑ,ΔΩΔΕΚΑΝΗΣΟΥ
85700,ΚΑΡΠΑΘΟΣ,ΔΩΔΕΚΑΝΗΣΟΥ
85109,ΓΕΝΝΑΔΙ,ΔΩΔΕΚΑΝΗΣΟΥ
85110,ΧΑΛΚΗ,ΔΩΔΕΚΑΝΗΣΟΥ
85900,ΑΣΤΥΠΑΛΑΙΑ,ΔΩΔΕΚΑΝΗΣΟΥ
85302,ΑΝΤΙΜΑΧΕΙΑ,ΔΩΔΕΚΑΝΗΣΟΥ
85200,ΚΑΛΥΜΝΟΣ,ΔΩΔΕΚΑΝΗΣΟΥ
85102,ΑΡΧΑΓΓΕΛΟΣ,ΔΩΔΕΚΑΝΗΣΟΥ
85303,ΝΙΣΥΡΟΣ,ΔΩΔΕΚΑΝΗΣΟΥ
85103,ΑΦΑΝΤΟΥ,ΔΩΔΕΚΑΝΗΣΟΥ
85500,ΠΑΤΜΟΣ,ΔΩΔΕΚΑΝΗΣΟΥ
85600,ΣΥΜΗ,ΔΩΔΕΚΑΝΗΣΟΥ
85101,ΙΑΛΥΣΟΣ,ΔΩΔΕΚΑΝΗΣΟΥ
85105,ΚΑΛΥΘΙΕΣ,ΔΩΔΕΚΑΝΗΣΟΥ
85301,ΚΕΦΑΛΟΣ ΚΩ,ΔΩΔΕΚΑΝΗΣΟΥ
84008,ΑΜΟΡΓΟΣ,ΔΩΔΕΚΑΝΗΣΟΥ
85100,ΡΟΔΟΣ,ΔΩΔΕΚΑΝΗΣΟΥ
85104,ΚΡΕΜΑΣΤΗ,ΔΩΔΕΚΑΝΗΣΟΥ
85401,ΛΑΚΚΙ ΛΕΡΟΥ,ΔΩΔΕΚΑΝΗΣΟΥ
85107,ΛΙΝΔΟΣ,ΔΩΔΕΚΑΝΗΣΟΥ
85111,ΜΕΓΙΣΤΗ-ΚΑΣΤΕΛΛΟΡΙΖΟ,ΔΩΔΕΚΑΝΗΣΟΥ
85109,ΓΕΝΝΑΔΙΟΥ,ΔΩΔΕΚΑΝΗΣΟΥ
68100,ΑΛΕΞΑΝΔΡΟΥΠΟΛΗ,ΕΒΡΟΥ
68010,ΜΕΤΑΞΑΔΕΣ,ΕΒΡΟΥ
68400,ΣΟΥΦΛΙ,ΕΒΡΟΥ
68011,ΑΙΣΥΜΗ,ΕΒΡΟΥ
68002,ΣΑΜΟΘΡΑΚΗ,ΕΒΡΟΥ
68006,ΚΥΠΡΙΝΟΣ,ΕΒΡΟΥ
68004,ΛΑΒΑΡΑ,ΕΒΡΟΥ
68200,ΟΡΕΣΤΙΑΔΑ,ΕΒΡΟΥ
68500,ΦΕΡΕΣ,ΕΒΡΟΥ
68007,ΔΙΚΑΙΑ,ΕΒΡΟΥ
68300,ΔΙΔΥΜΟΤΕΙΧΟ,ΕΒΡΟΥ
69300,ΣΑΠΕΣ,ΕΒΡΟΥ
68013,ΠΕΠΛΟΣ,ΕΒΡΟΥ
68005,ΜΙΚΡΟ ΔΕΡΕΙΟ,ΕΒΡΟΥ
68012,ΓΕΦΥΡΑ ΚΗΠΩΝ,ΕΒΡΟΥ
68008,ΚΑΣΤΑΝΙΕΣ ΕΒΡΟΥ,ΕΒΡΟΥ
68003,ΤΥΧΕΡΟ,ΕΒΡΟΥ
68001,ΝΕΑ ΒΥΣΣΑ,ΕΒΡΟΥ
68009,Σ. Σ. ΠΥΘΙΟΥ,ΕΒΡΟΥ
68014,ΡΙΖΙΑ,ΕΒΡΟΥ
34200,ΙΣΤΙΑΙΑ,ΕΥΒΟΙΑΣ
34001,ΚΑΡΥΣΤΟΣ,ΕΥΒΟΙΑΣ
34010,ΑΓΙΑ ΑΝΝΑ,ΕΥΒΟΙΑΣ
34014,ΣΤΕΝΗ ΔΙΡΦΥΟΣ,ΕΥΒΟΙΑΣ
34009,ΑΥΛΩΝΑΡΙ,ΕΥΒΟΙΑΣ
34100,ΧΑΛΚΙΔΑ,ΕΥΒΟΙΑΣ
,ΨΑΧΝΑ,ΕΥΒΟΙΑΣ
34008,ΕΡΕΤΡΙΑ,ΕΥΒΟΙΑΣ
34017,ΚΡΙΕΖΑ,ΕΥΒΟΙΑΣ
34300,ΛΟΥΤΡΑ ΑΙΔΗΨΟΥ,ΕΥΒΟΙΑΣ
34018,ΚΑΘΕΝΟΙ,ΕΥΒΟΙΑΣ
34016,ΚΟΝΙΣΤΡΕΣ,ΕΥΒΟΙΑΣ
34500,ΑΛΙΒΕΡΙ,ΕΥΒΟΙΑΣ
34013,ΜΑΡΜΑΡΙ,ΕΥΒΟΙΑΣ
34015,ΣΤΥΡΑ,ΕΥΒΟΙΑΣ
34007,ΣΚΥΡΟΣ,ΕΥΒΟΙΑΣ
34019,ΚΑΛΗΜΕΡΙΑΝΟΙ,ΕΥΒΟΙΑΣ
34006,ΑΜΑΡΥΝΘΟΣ,ΕΥΒΟΙΑΣ
34003,ΚΥΜΗ,ΕΥΒΟΙΑΣ
34002,ΒΑΣΙΛΙΚΟ,ΕΥΒΟΙΑΣ
34004,ΜΑΝΤΟΥΔΙ,ΕΥΒΟΙΑΣ
34005,ΛΙΜΝΗ,ΕΥΒΟΙΑΣ
34600,ΝΕΑ ΑΡΤΑΚΗ,ΕΥΒΟΙΑΣ
34012,ΩΡΕΟΙ,ΕΥΒΟΙΑΣ
34011,ΟΞΥΛΙΘΟΣ,ΕΥΒΟΙΑΣ
32200,ΘΗΒΑ,ΕΥΒΟΙΑΣ
36100,ΚΑΡΠΕΝΗΣΙ,ΕΥΡΥΤΑΝΙΑΣ
36081,ΑΓΙΑ ΤΡΙΑΔΑ ΕΥΡΥΤ.,ΕΥΡΥΤΑΝΙΑΣ
36070,ΡΑΠΤΟΠΟΥΛΟ,ΕΥΡΥΤΑΝΙΑΣ
36071,ΚΕΡΑΣΟΧΩΡΙ,ΕΥΡΥΤΑΝΙΑΣ
36072,ΓΡΑΝΙΤΣΑ,ΕΥΡΥΤΑΝΙΑΣ
36073,ΑΓΡΑΦΑ,ΕΥΡΥΤΑΝΙΑΣ
36074,ΠΡΟΥΣΟΣ,ΕΥΡΥΤΑΝΙΑΣ
36080,ΦΟΥΡΝΑ,ΕΥΡΥΤΑΝΙΑΣ
36075,ΜΕΓΑΛΟ ΧΩΡΙΟ,ΕΥΡΥΤΑΝΙΑΣ
36076,ΚΡΙΚΕΛΛΟ,ΕΥΡΥΤΑΝΙΑΣ
43100,ΚΑΡΔΙΤΣΑ,ΕΥΡΥΤΑΝΙΑΣ
29092,ΜΑΧΑΙΡΑΔΟ,ΖΑΚΥΝΘΟΥ
29091,ΒΟΛΙΜΕΣ,ΖΑΚΥΝΘΟΥ
29090,ΚΑΤΑΣΤΑΡΙ,ΖΑΚΥΝΘΟΥ
29100,ΖΑΚΥΝΘΟΣ,ΖΑΚΥΝΘΟΥ
27064,ΚΑΡΑΤΟΥΛΑΣ,ΗΛΕΙΑΣ
27063,ΛΑΜΠΕΙΑ,ΗΛΕΙΑΣ
27052,Σ. Σ. ΒΑΡΔΑΣ,ΗΛΕΙΑΣ
27300,ΓΑΣΤΟΥΝΗ,ΗΛΕΙΑΣ
27069,ΕΦΥΡΑ,ΗΛΕΙΑΣ
27100,ΠΥΡΓΟΣ ΗΛΕΙΑΣ,ΗΛΕΙΑΣ
27053,ΛΕΧΑΙΝΑ,ΗΛΕΙΑΣ
27067,ΚΑΤΑΚΟΛΟ,ΗΛΕΙΑΣ
27061,ΑΝΔΡΙΤΣΑΙΝΑ,ΗΛΕΙΑΣ
27060,ΠΕΛΟΠΙΟ,ΗΛΕΙΑΣ
27065,ΑΡΧΑΙΑ ΟΛΥΜΠΙΑ,ΗΛΕΙΑΣ
27062,ΚΑΛΛΙΘΕΑ ΗΛΕΙΑΣ,ΗΛΕΙΑΣ
27054,ΖΑΧΑΡΩ,ΗΛΕΙΑΣ
27200,ΑΜΑΛΙΑΔΑ,ΗΛΕΙΑΣ
27058,ΕΠΙΤΑΛΙΟ,ΗΛΕΙΑΣ
27051,ΑΝΔΡΑΒΙΔΑ,ΗΛΕΙΑΣ
27066,ΛΑΛΑΣ,ΗΛΕΙΑΣ
27050,ΒΑΡΘΟΛΟΜΙΟ,ΗΛΕΙΑΣ
27055,ΚΡΕΣΤΕΝΑ,ΗΛΕΙΑΣ
27068,ΚΥΛΛΗΝΗ,ΗΛΕΙΑΣ
27056,ΝΕΑ ΦΙΓΑΛΕΙΑ,ΗΛΕΙΑΣ
27057,ΤΡΑΓΑΝΟ,ΗΛΕΙΑΣ
27059,ΧΑΒΑΡΙ,ΗΛΕΙΑΣ
59034,ΕΙΡΗΝΟΥΠΟΛΗ,ΗΜΑΘΙΑΣ
59100,ΒΕΡΟΙΑ,ΗΜΑΘΙΑΣ
59031,ΜΕΛΙΚΗ,ΗΜΑΘΙΑΣ
59200,ΝΑΟΥΣΑ,ΗΜΑΘΙΑΣ
59300,ΑΛΕΞΑΝΔΡΕΙΑ,ΗΜΑΘΙΑΣ
59032,Σ. Σ. ΠΛΑΤΕΟΣ,ΗΜΑΘΙΑΣ
59035,ΚΟΠΑΝΟΣ,ΗΜΑΘΙΑΣ
59033,ΜΑΚΡΟΧΩΡΙ ΗΜΑΘΙΑΣ,ΗΜΑΘΙΑΣ
70005,ΜΟΧΟΣ,ΗΡΑΚΛΕΙΟΥ
70010,ΠΥΡΓΟΣ ΗΡΑΚΛΕΙΟΥ,ΗΡΑΚΛΕΙΟΥ
70003,ΑΓΙΑ ΒΑΡΒΑΡΑ ΗΡΑΚΛΕΙ,ΗΡΑΚΛΕΙΟΥ
71500,ΗΡΑΚΛΕΙΟ ΚΡΗΤΗΣ,ΗΡΑΚΛΕΙΟΥ
70004,ΑΝΩ ΒΙΑΝΝΟΣ,ΗΡΑΚΛΕΙΟΥ
70006,ΚΑΣΤΕΛΛΙ,ΗΡΑΚΛΕΙΟΥ
70300,ΑΡΚΑΛΟΧΩΡΙ,ΗΡΑΚΛΕΙΟΥ
70100,ΑΡΧΑΝΕΣ,ΗΡΑΚΛΕΙΟΥ
70012,ΑΓΙΟΙ ΔΕΚΑ,ΗΡΑΚΛΕΙΟΥ
70400,ΜΟΙΡΕΣ,ΗΡΑΚΛΕΙΟΥ
70008,ΕΠΙΣΚΟΠΗ ΗΡΑΚΛΕΙΟΥ,ΗΡΑΚΛΕΙΟΥ
70200,ΤΥΜΠΑΚΙ,ΗΡΑΚΛΕΙΟΥ
70009,ΠΟΜΠΙΑ,ΗΡΑΚΛΕΙΟΥ
70013,ΑΓΙΟΣ ΜΥΡΩΝΑΣ,ΗΡΑΚΛΕΙΟΥ
70014,ΛΙΜΕΝΑΣ ΧΕΡΣΟΝΗΣΟΥ,ΗΡΑΚΛΕΙΟΥ
74051,ΑΝΩΓΕΙΑ,ΗΡΑΚΛΕΙΟΥ
70016,ΑΣΗΜΙ,ΗΡΑΚΛΕΙΟΥ
70011,ΔΑΦΝΕΣ,ΗΡΑΚΛΕΙΟΥ
70015,ΕΜΠΑΡΟΣ,ΗΡΑΚΛΕΙΟΥ
70002,ΖΑΡΟΣ,ΗΡΑΚΛΕΙΟΥ
71304,ΗΡΑΚΛΕΙΟ ΚΡΗΤΗΣ,ΗΡΑΚΛΕΙΟΥ
70017,ΓΕΡΓΕΡΗ,ΗΡΑΚΛΕΙΟΥ
71409,ΗΡΑΚΛΕΙΟ ΚΡΗΤΗΣ,ΗΡΑΚΛΕΙΟΥ
70001,ΚΡΟΥΣΩΝΑΣ,ΗΡΑΚΛΕΙΟΥ
70007,ΜΑΛΙΑ,ΗΡΑΚΛΕΙΟΥ
70015,ΗΡΑΚΛΕΙΟ ΚΡΗΤΗΣ,ΗΡΑΚΛΕΙΟΥ
46200,ΠΑΡΑΜΥΘΙΑ,ΘΕΣΠΡΩΤΙΑΣ
44017,ΒΡΟΣΙΝΑ,ΘΕΣΠΡΩΤΙΑΣ
46100,ΗΓΟΥΜΕΝΙΤΣΑ,ΘΕΣΠΡΩΤΙΑΣ
46032,ΑΓΙΟΙ ΠΑΝΤΕΣ,ΘΕΣΠΡΩΤΙΑΣ
46300,ΦΙΛΙΑΤΕΣ,ΘΕΣΠΡΩΤΙΑΣ
46030,ΜΑΡΓΑΡΙΤΙ,ΘΕΣΠΡΩΤΙΑΣ
46033,ΚΕΡΑΜΙΤΣΑ,ΘΕΣΠΡΩΤΙΑΣ
46031,ΓΛΥΚΗ,ΘΕΣΠΡΩΤΙΑΣ
48060,ΠΑΡΓΑ,ΘΕΣΠΡΩΤΙΑΣ
57019,ΝΕΟΙ ΕΠΙΒΑΤΕΣ,ΘΕΣΣΑΛΟΝΙΚΗΣ
57500,ΕΠΑΝΩΜΗΣ,ΘΕΣΣΑΛΟΝΙΚΗΣ
57003,ΑΓΙΟΣ ΑΘΑΝΑΣΙΟΣ,ΘΕΣΣΑΛΟΝΙΚΗΣ
57006,ΒΑΣΙΛΙΚΑ ΘΕΣ/ΝΙΚΗΣ,ΘΕΣΣΑΛΟΝΙΚΗΣ
57200,ΛΑΓΚΑΔΑΣ,ΘΕΣΣΑΛΟΝΙΚΗΣ
57021,ΑΣΠΡΟΒΑΛΤΑ,ΘΕΣΣΑΛΟΝΙΚΗΣ
57500,ΕΠΑΝΟΜΗ,ΘΕΣΣΑΛΟΝΙΚΗΣ
57012,ΖΑΓΚΛΙΒΕΡΙ,ΘΕΣΣΑΛΟΝΙΚΗΣ
57011,ΓΕΦΥΡΑ ΘΕΣ/ΝΙΚΗΣ,ΘΕΣΣΑΛΟΝΙΚΗΣ
57007,ΧΑΛΚΗΔΩΝΑ,ΘΕΣΣΑΛΟΝΙΚΗΣ
57300,ΧΑΛΑΣΤΡΑ,ΘΕΣΣΑΛΟΝΙΚΗΣ
57016,ΑΣΚΟΣ,ΘΕΣΣΑΛΟΝΙΚΗΣ
57014,ΣΤΑΥΡΟΣ ΘΕΣ/ΝΙΚΗΣ,ΘΕΣΣΑΛΟΝΙΚΗΣ
57020,ΛΑΓΚΑΔΙΚΙΑ,ΘΕΣΣΑΛΟΝΙΚΗΣ
57002,ΣΟΧΟΣ,ΘΕΣΣΑΛΟΝΙΚΗΣ
57010,ΑΣΒΕΣΤΟΧΩΡΙ,ΘΕΣΣΑΛΟΝΙΚΗΣ
54500,ΘΕΣΣΑΛΟΝΙΚΗ,ΘΕΣΣΑΛΟΝΙΚΗΣ
57017,ΞΥΛΟΠΟΛΗ,ΘΕΣΣΑΛΟΝΙΚΗΣ
57013,ΩΡΑΙΟΚΑΣΤΡΟ,ΘΕΣΣΑΛΟΝΙΚΗΣ
57008,ΙΩΝΙΑΣ ΘΕΣ/ΝΙΚΗΣ,ΘΕΣΣΑΛΟΝΙΚΗΣ
57009,ΚΑΛΟΧΩΡΙ,ΘΕΣΣΑΛΟΝΙΚΗΣ
57100,ΚΟΥΦΑΛΙΑ,ΘΕΣΣΑΛΟΝΙΚΗΣ
57018,ΜΕΛΙΣΣΟΧΩΡΙ,ΘΕΣΣΑΛΟΝΙΚΗΣ
57015,ΝΕΑ ΑΠΟΛΛΩΝΙΑ,ΘΕΣΣΑΛΟΝΙΚΗΣ
57008,ΙΩΝΙΑ ΘΕΣ/ΝΙΚΗΣ,ΘΕΣΣΑΛΟΝΙΚΗΣ
57004,ΝΕΑ ΜΗΧΑΝΙΩΝΑ,ΘΕΣΣΑΛΟΝΙΚΗΣ
57400,ΣΙΝΔΟΣ,ΘΕΣΣΑΛΟΝΙΚΗΣ
45500,ΙΩΑΝΝΙΝΑ,ΙΩΑΝΝΙΝΩΝ
44100,ΚΟΝΙΤΣΑ,ΙΩΑΝΝΙΝΩΝ
44014,ΓΡΕΒΕΝΙΤΙΟ,ΙΩΑΝΝΙΝΩΝ
44002,ΔΕΛΒΙΝΑΚΙ,ΙΩΑΝΝΙΝΩΝ
44008,ΑΓΙΑ ΠΑΡΑΣΚΕΥΗ ΙΩΑΝ.,ΙΩΑΝΝΙΝΩΝ
44200,ΜΕΤΣΟΒΟ,ΙΩΑΝΝΙΝΩΝ
44001,ΠΡΑΜΑΝΤΑ,ΙΩΑΝΝΙΝΩΝ
44009,ΔΕΡΒΙΖΙΑΝΑ,ΙΩΑΝΝΙΝΩΝ
44017,ΒΡΟΣΙΝΑ,ΙΩΑΝΝΙΝΩΝ
44004,ΔΟΛΙΑΝΑ,ΙΩΑΝΝΙΝΩΝ
44013,ΚΑΛΕΝΤΖΙ,ΙΩΑΝΝΙΝΩΝ
44012,ΒΗΣΣΑΝΗ,ΙΩΑΝΝΙΝΩΝ
44016,ΑΡΙΣΤΗ,ΙΩΑΝΝΙΝΩΝ
44015,ΠΥΡΣΟΓΙΑΝΝΗ,ΙΩΑΝΝΙΝΩΝ
44003,ΖΙΤΣΑ,ΙΩΑΝΝΙΝΩΝ
47043,ΑΓΝΑΝΤΑ,ΙΩΑΝΝΙΝΩΝ
44007,ΑΣΠΡΑΓΓΕΛΟΙ,ΙΩΑΝΝΙΝΩΝ
44019,ΠΑΛΑΙΟΣΕΛΙ,ΙΩΑΝΝΙΝΩΝ
46200,ΠΑΡΑΜΥΘΙΑ,ΙΩΑΝΝΙΝΩΝ
44018,ΚΗΠΟΙ,ΙΩΑΝΝΙΝΩΝ
44010,ΤΣΕΠΕΛΟΒΟ,ΙΩΑΝΝΙΝΩΝ
44020,ΜΟΛΙΣΤΑ,ΙΩΑΝΝΙΝΩΝ
44005,ΠΩΓΩΝΙΑΝΗ,ΙΩΑΝΝΙΝΩΝ
44006,ΚΕΦΑΛΟΒΡΥΣΟ,ΙΩΑΝΝΙΝΩΝ
48200,ΦΙΛΙΠΠΙΑΔΑ,ΙΩΑΝΝΙΝΩΝ
48061,ΛΟΥΡΟΣ,ΙΩΑΝΝΙΝΩΝ
64200,ΧΡΥΣΟΥΠΟΛΗ,ΚΑΒΑΛΑΣ
64011,ΚΕΡΑΜΩΤΗ,ΚΑΒΑΛΑΣ
65500,ΚΑΒΑΛΑ,ΚΑΒΑΛΑΣ
64007,ΝΕΑ ΠΕΡΑΜΟΣ,ΚΑΒΑΛΑΣ
64002,ΛΙΜΕΝΑΡΙΑ,ΚΑΒΑΛΑΣ
64010,ΠΡΙΝΟΣ,ΚΑΒΑΛΑΣ
64009,ΚΕΧΡΟΚΑΜΠΟΣ,ΚΑΒΑΛΑΣ
64001,ΝΙΚΗΣΙΑΝΗ,ΚΑΒΑΛΑΣ
64003,ΚΡΗΝΙΔΕΣ,ΚΑΒΑΛΑΣ
64008,ΜΟΥΣΘΕΝΗ,ΚΑΒΑΛΑΣ
64004,ΘΑΣΟΣ,ΚΑΒΑΛΑΣ
64100,ΕΛΕΥΘΕΡΟΥΠΟΛΗ,ΚΑΒΑΛΑΣ
64012,ΑΜΥΓΔΑΛΕΩΝΑΣ,ΚΑΒΑΛΑΣ
64006,Ν. ΚΑΡΒΑΛΗ,ΚΑΒΑΛΑΣ
64005,ΘΕΟΛΟΓΟΣ,ΚΑΒΑΛΑΣ
64010,ΚΡΙΝΟΣ,ΚΑΒΑΛΑΣ
43100,ΚΑΡΔΙΤΣΑ,ΚΑΡΔΙΤΣΑΣ
43300,ΣΟΦΑΔΕΣ,ΚΑΡΔΙΤΣΑΣ
43061,ΑΓΝΑΝΤΕΡΟ,ΚΑΡΔΙΤΣΑΣ
43064,ΦΑΝΑΡΙ,ΚΑΡΔΙΤΣΑΣ
43065,ΑΝΘΗΡΟ,ΚΑΡΔΙΤΣΑΣ
43200,ΠΑΛΑΜΑΣ,ΚΑΡΔΙΤΣΑΣ
43069,ΠΕΤΡΙΛΟ,ΚΑΡΔΙΤΣΑΣ
43068,ΡΕΝΤΙΝΑ,ΚΑΡΔΙΤΣΑΣ
43062,ΙΤΕΑ ΚΑΡΔΙΤΣΑΣ,ΚΑΡΔΙΤΣΑΣ
43060,ΜΟΥΖΑΚΙ,ΚΑΡΔΙΤΣΑΣ
43063,ΛΕΟΝΤΑΡΙ ΚΑΡΔΙΤΣΑΣ,ΚΑΡΔΙΤΣΑΣ
43066,ΒΡΑΓΚΙΑΝΑ,ΚΑΡΔΙΤΣΑΣ
43067,ΜΕΣΕΝΙΚΟΛΑΣ,ΚΑΡΔΙΤΣΑΣ
43070,ΠΡΟΑΣΤΙΟ,ΚΑΡΔΙΤΣΑΣ
52051,ΝΕΣΤΟΡΙΟ,ΚΑΣΤΟΡΙΑΣ
52050,ΜΕΣΟΠΟΤΑΜΙΑ,ΚΑΣΤΟΡΙΑΣ
52055,ΜΑΚΡΟΧΩΡΙ,ΚΑΣΤΟΡΙΑΣ
52200,ΑΡΓΟΣ ΟΡΕΣΤΙΚΟ,ΚΑΣΤΟΡΙΑΣ
52052,ΚΟΡΗΣΟΣ,ΚΑΣΤΟΡΙΑΣ
52058,ΑΚΡΙΤΕΣ,ΚΑΣΤΟΡΙΑΣ
52100,ΚΑΣΤΟΡΙΑ,ΚΑΣΤΟΡΙΑΣ
52053,ΒΟΓΑΤΣΙΚΟ,ΚΑΣΤΟΡΙΑΣ
52059,ΒΙΤΣΙ,ΚΑΣΤΟΡΙΑΣ
52057,ΔΙΣΠΗΛΙΟ,ΚΑΣΤΟΡΙΑΣ
50007,ΠΕΝΤΑΛΟΦΟΣ,ΚΑΣΤΟΡΙΑΣ
52054,ΚΛΕΙΣΟΥΡΑ,ΚΑΣΤΟΡΙΑΣ
52056,ΜΑΥΡΟΧΩΡΙ,ΚΑΣΤΟΡΙΑΣ
49100,ΚΕΡΚΥΡΑ,ΚΕΡΚΥΡΑΣ
49081,ΚΑΡΟΥΣΑΔΕΣ,ΚΕΡΚΥΡΑΣ
49080,ΛΕΥΚΙΜΜΗ,ΚΕΡΚΥΡΑΣ
49084,ΚΑΣΤΕΛΛΑΝΟΙ ΜΕΣΗΣ,ΚΕΡΚΥΡΑΣ
49083,ΣΚΡΙΠΕΡΟ,ΚΕΡΚΥΡΑΣ
49082,ΓΑΙΟΣ,ΚΕΡΚΥΡΑΣ
49084,ΚΑΣΤΕΛΛΑΝΟΙ,ΚΕΡΚΥΡΑΣ
28086,ΠΟΡΟΣ,ΚΕΦΑΛΛΗΝΙΑΣ
28081,ΑΓΙΑ ΕΥΦΗΜΙΑ,ΚΕΦΑΛΛΗΝΙΑΣ
28200,ΛΗΞΟΥΡΙ,ΚΕΦΑΛΛΗΝΙΑΣ
28100,ΑΡΓΟΣΤΟΛΙ,ΚΕΦΑΛΛΗΝΙΑΣ
28300,ΙΘΑΚΗ,ΚΕΦΑΛΛΗΝΙΑΣ
28080,ΣΑΜΗ,ΚΕΦΑΛΛΗΝΙΑΣ
28084,ΦΙΣΚΑΡΔΟ,ΚΕΦΑΛΛΗΝΙΑΣ
28082,ΧΙΟΝΑΤΑ,ΚΕΦΑΛΛΗΝΙΑΣ
28085,ΒΑΣΙΛΙΚΙΑΔΕΣ,ΚΕΦΑΛΛΗΝΙΑΣ
28083,ΚΕΡΑΜΕΙΕΣ,ΚΕΦΑΛΛΗΝΙΑΣ
28301,ΣΤΑΥΡΟΣ ΙΘΑΚΗΣ,ΚΕΦΑΛΛΗΝΙΑΣ
61002,ΧΕΡΣΟ,ΚΙΛΚΙΣ
61003,Σ. Σ. ΜΟΥΡΙΩΝ,ΚΙΛΚΙΣ
61100,ΚΙΛΚΙΣ,ΚΙΛΚΙΣ
57100,ΚΟΥΦΑΛΙΑ,ΚΙΛΚΙΣ
57011,ΓΕΦΥΡΑ ΘΕΣ/ΝΙΚΗΣ,ΚΙΛΚΙΣ
61006,ΒΑΘΗ ΚΙΛΚΙΣ,ΚΙΛΚΙΣ
61400,ΑΞΙΟΥΠΟΛΗ,ΚΙΛΚΙΣ
61200,ΠΟΛΥΚΑΣΤΡΟ,ΚΙΛΚΙΣ
61300,ΓΟΥΜΕΝΙΣΣΑ,ΚΙΛΚΙΣ
61005,ΕΙΔΟΜΕΝΗ,ΚΙΛΚΙΣ
57017,ΞΥΛΟΠΟΛΗ,ΚΙΛΚΙΣ
61007,ΕΥΡΩΠΟΣ,ΚΙΛΚΙΣ
58003,ΦΟΥΣΤΑΝΗ,ΠΕΛΛΗΣ
54500,ΘΕΣΣΑΛΟΝΙΚΗ,ΚΙΛΚΙΣ
61001,Σ. Σ. ΕΥΖΩΝΩΝ,ΚΙΛΚΙΣ
50400,ΒΕΛΒΕΝΤΟΣ,ΚΟΖΑΝΗΣ
50100,ΚΟΖΑΝΗ,ΚΟΖΑΝΗΣ
50002,ΤΣΟΤΙΛΙ,ΚΟΖΑΝΗΣ
50200,ΠΤΟΛΕΜΑΙΔΑ,ΚΟΖΑΝΗΣ
50001,ΝΕΑΠΟΛΗ,ΚΟΖΑΝΗΣ
50004,ΑΙΑΝΗ,ΚΟΖΑΝΗΣ
50010,ΚΡΟΚΟΣ,ΚΟΖΑΝΗΣ
50005,ΕΜΠΟΡΙΟ,ΚΟΖΑΝΗΣ
50008,ΑΥΓΕΡΙΝΟΣ,ΚΟΖΑΝΗΣ
50500,ΣΕΡΒΙΑ,ΚΟΖΑΝΗΣ
50009,ΒΛΑΣΤΗ,ΚΟΖΑΝΗΣ
50007,ΠΕΝΤΑΛΟΦΟΣ,ΚΟΖΑΝΗΣ
50300,ΣΙΑΤΙΣΤΑ,ΚΟΖΑΝΗΣ
50003,ΕΡΑΤΥΡΑ,ΚΟΖΑΝΗΣ
50002,ΤΣΟΤΥΛΙ,ΚΟΖΑΝΗΣ
50006,ΠΥΡΓΟΙ,ΚΟΖΑΝΗΣ
52200,ΑΡΓΟΣ ΟΡΕΣΤΙΚΟ,ΚΟΖΑΝΗΣ
20004,ΣΟΦΙΚΟ,ΚΟΡΙΝΘΙΑΣ
20006,ΒΡΑΧΑΤΙ,ΚΟΡΙΝΘΙΑΣ
20300,ΛΟΥΤΡΑΚΙ,ΚΟΡΙΝΘΙΑΣ
20003,ΑΓΙΟΙ ΘΕΟΔΩΡΟΙ,ΚΟΡΙΝΘΙΑΣ
20008,ΧΙΛΙΟΜΟΔΙ,ΚΟΡΙΝΘΙΑΣ
20500,ΝΕΜΕΑ,ΚΟΡΙΝΘΙΑΣ
20100,ΚΟΡΙΝΘΟΣ,ΚΟΡΙΝΘΙΑΣ
20005,ΑΘΙΚΙΑ,ΚΟΡΙΝΘΙΑΣ
20014,ΓΚΟΥΡΑ,ΚΟΡΙΝΘΙΑΣ
20400,ΞΥΛΟΚΑΣΤΡΟ,ΚΟΡΙΝΘΙΑΣ
20009,ΔΕΡΒΕΝΙ,ΚΟΡΙΝΘΙΑΣ
20013,ΠΙΤΣΑ,ΚΟΡΙΝΘΙΑΣ
20007,ΑΡΧΑΙΑ ΚΟΡΙΝΘΟΣ,ΚΟΡΙΝΘΙΑΣ
20200,ΚΙΑΤΟ,ΚΟΡΙΝΘΙΑΣ
20017,ΚΛΗΜΕΝΤΙ,ΚΟΡΙΝΘΙΑΣ
20002,ΒΕΛΟ,ΚΟΡΙΝΘΙΑΣ
20015,ΣΟΥΛΙ,ΚΟΡΙΝΘΙΑΣ
20016,ΚΑΛΙΑΝΟΙ,ΚΟΡΙΝΘΙΑΣ
20001,ΖΕΥΓΟΛΑΤΕΙΟ,ΚΟΡΙΝΘΙΑΣ
20010,ΙΣΘΜΙΑ,ΚΟΡΙΝΘΙΑΣ
20011,ΠΕΡΙΓΙΑΛΙ,ΚΟΡΙΝΘΙΑΣ
20012,ΛΥΚΟΠΟΡΙΑ,ΚΟΡΙΝΘΙΑΣ
84200,ΤΗΝΟΣ,ΚΥΚΛΑΔΩΝ
84301,ΚΟΡΩΝΙΔΑ,ΚΥΚΛΑΔΩΝ
84300,ΝΑΞΟΣ,ΚΥΚΛΑΔΩΝ
84006,ΚΥΘΝΟΣ,ΚΥΚΛΑΔΩΝ
84001,ΙΟΣ,ΚΥΚΛΑΔΩΝ
84401,ΝΑΟΥΣΑ ΠΑΡΟΥ,ΚΥΚΛΑΔΩΝ
84502,ΚΟΡΘΙΟ,ΚΥΚΛΑΔΩΝ
84002,ΙΟΥΛΙΣ,ΚΥΚΛΑΔΩΝ
84003,ΣΙΦΝΟΣ,ΚΥΚΛΑΔΩΝ
84700,ΘΗΡΑ,ΚΥΚΛΑΔΩΝ
84302,ΧΑΛΚΕΙΟ,ΚΥΚΛΑΔΩΝ
84800,ΜΗΛΟΣ,ΚΥΚΛΑΔΩΝ
84011,ΦΟΛΕΓΑΝΔΡΟΣ,ΚΥΚΛΑΔΩΝ
84703,ΕΜΠΟΡΕΙΟΝ,ΚΥΚΛΑΔΩΝ
84004,ΚΙΜΩΛΟΣ,ΚΥΚΛΑΔΩΝ
84005,ΣΕΡΙΦΟΣ,ΚΥΚΛΑΔΩΝ
84501,ΓΑΥΡΙΟ,ΚΥΚΛΑΔΩΝ
84400,ΠΑΡΟΣ,ΚΥΚΛΑΔΩΝ
84600,ΜΥΚΟΝΟΣ,ΚΥΚΛΑΔΩΝ
84702,ΟΙΑ,ΚΥΚΛΑΔΩΝ
84100,ΣΥΡΟΣ,ΚΥΚΛΑΔΩΝ
84801,ΑΔΑΜΑΣ,ΚΥΚΛΑΔΩΝ
84008,ΑΜΟΡΓΟΣ,ΚΥΚΛΑΔΩΝ
84500,ΑΝΔΡΟΣ,ΚΥΚΛΑΔΩΝ
84010,ΣΙΚΙΝΟΣ,ΚΥΚΛΑΔΩΝ
84009,ΑΝΑΦΗ,ΚΥΚΛΑΔΩΝ
84007,ΑΝΤΙΠΑΡΟΣ,ΚΥΚΛΑΔΩΝ
84201,ΠΑΝΟΡΜΟΣ ΤΗΝΟΥ,ΚΥΚΛΑΔΩΝ
84200,ΤΗΝΟΥ,ΚΥΚΛΑΔΩΝ
84701,ΠΥΡΓΟΣ ΚΑΛΛΙΣΤ.ΘΗΡΑΣ,ΚΥΚΛΑΔΩΝ
23052,ΜΟΛΑΟΙ,ΛΑΚΩΝΙΑΣ
23200,ΓΥΘΕΙΟ,ΛΑΚΩΝΙΑΣ
23063,ΠΥΡΓΟΣ ΔΙΡΟΥ,ΛΑΚΩΝΙΑΣ
23100,ΣΠΑΡΤΗ,ΛΑΚΩΝΙΑΣ
23070,ΜΟΝΕΜΒΑΣΙΑ,ΛΑΚΩΝΙΑΣ
23058,ΓΕΡΑΚΙ,ΛΑΚΩΝΙΑΣ
23053,ΝΕΑΠΟΛΗ ΛΑΚΩΝΙΑΣ,ΛΑΚΩΝΙΑΣ
23051,ΣΚΑΛΑ,ΛΑΚΩΝΙΑΣ
23071,ΓΕΡΟΛΙΜΕΝΑΣ,ΛΑΚΩΝΙΑΣ
23055,ΒΛΑΧΙΩΤΗΣ,ΛΑΚΩΝΙΑΣ
23060,ΝΙΑΤΑ,ΛΑΚΩΝΙΑΣ
23064,ΣΕΛΑΣΙΑ,ΛΑΚΩΝΙΑΣ
23068,ΡΕΙΧΕΑ,ΛΑΚΩΝΙΑΣ
23065,ΓΕΩΡΓΙΤΣΙ,ΛΑΚΩΝΙΑΣ
23061,ΑΓΙΟΣ ΝΙΚΟΛΑΟΣ ΛΑΚΩΝ,ΛΑΚΩΝΙΑΣ
23054,ΞΗΡΟΚΑΜΠΙ,ΛΑΚΩΝΙΑΣ
23059,ΚΑΣΤΟΡΕΙΟ,ΛΑΚΩΝΙΑΣ
23066,ΚΟΤΡΩΝΑΣ,ΛΑΚΩΝΙΑΣ
23062,ΑΡΕΟΠΟΛΗ,ΛΑΚΩΝΙΑΣ
23057,ΚΡΟΚΕΕΣ,ΛΑΚΩΝΙΑΣ
23056,ΠΑΠΑΔΙΑΝΙΚΑ,ΛΑΚΩΝΙΑΣ
23067,ΚΑΡΥΕΣ ΛΑΚΩΝΙΑΣ,ΛΑΚΩΝΙΑΣ
23064,ΣΕΛΛΑΣΙΑ,ΛΑΚΩΝΙΑΣ
23069,ΒΡΕΣΘΕΝΑ,ΛΑΚΩΝΙΑΣ
23071,ΓΕΡΟΛΙΜΕΝΑ,ΛΑΚΩΝΙΑΣ
23200,ΓΥΘΕΙΟ ΛΑΚΩΝ.,ΛΑΚΩΝΙΑΣ
23069,ΚΑΣΤΟΡΕΙΟ,ΛΑΚΩΝΙΑΣ
23062,ΑΡΕΟΠΟΛΗΣ,ΛΑΚΩΝΙΑΣ
40003,ΑΓΙΑ,ΛΑΡΙΣΑΣ
40300,ΦΑΡΣΑΛΑ,ΛΑΡΙΣΑΣ
40200,ΕΛΑΣΣΟΝΑ,ΛΑΡΙΣΑΣ
37500,ΒΕΛΕΣΤΙΝΟ,ΛΑΡΙΣΑΣ
40007,ΠΥΡΓΕΤΟΣ,ΛΑΡΙΣΑΣ
40001,ΚΡΑΝΕΑ,ΛΑΡΙΣΑΣ
40004,ΓΟΝΝΟΙ,ΛΑΡΙΣΑΣ
40100,ΤΥΡΝΑΒΟΣ,ΛΑΡΙΣΑΣ
40400,ΑΜΠΕΛΩΝΑΣ,ΛΑΡΙΣΑΣ
43062,ΙΤΕΑ ΚΑΡΔΙΤΣΑΣ,ΛΑΡΙΣΑΣ
40005,ΒΕΡΔΙΚΟΥΣΣΑ,ΛΑΡΙΣΑΣ
40006,ΣΥΚΟΥΡΙ,ΛΑΡΙΣΑΣ
41001,ΛΑΡΙΣΑ,ΛΑΡΙΣΑΣ
40002,ΛΙΒΑΔΙ,ΛΑΡΙΣΑΣ
40005,ΒΕΡΔΙΚΟΥΣΙΑ,ΛΑΡΙΣΑΣ
40008,ΡΑΨΑΝΗ,ΛΑΡΙΣΑΣ
40009,ΠΛΑΤΥΚΑΜΠΟΣ,ΛΑΡΙΣΑΣ
35010,ΔΟΜΟΚΟΣ,ΛΑΡΙΣΑΣ
40010,ΤΣΑΡΙΤΣΑΝΗ,ΛΑΡΙΣΑΣ
40011,ΦΑΛΑΝΗ,ΛΑΡΙΣΑΣ
72052,ΤΖΕΡΜΙΑΔΟ,ΛΑΣΙΘΙΟΥ
72400,ΝΕΑΠΟΛΗ ΚΡΗΤΗΣ,ΛΑΣΙΘΙΟΥ
70004,ΑΝΩ ΒΙΑΝΟΣ,ΛΑΣΙΘΙΟΥ
72053,ΕΛΟΥΝΤΑ,ΛΑΣΙΘΙΟΥ
72059,ΧΑΝΔΡΑΣ,ΛΑΣΙΘΙΟΥ
72200,ΙΕΡΑΠΕΤΡΑ,ΛΑΣΙΘΙΟΥ
72300,ΣΗΤΕΙΑ,ΛΑΣΙΘΙΟΥ
72100,ΑΓΙΟΣ ΝΙΚΟΛΑΟΣ,ΛΑΣΙΘΙΟΥ
72055,ΣΤΑΥΡΟΧΩΡΙ,ΛΑΣΙΘΙΟΥ
72056,ΜΑΛΕΣ,ΛΑΣΙΘΙΟΥ
72054,ΒΡΑΧΑΣΙ,ΛΑΣΙΘΙΟΥ
72057,ΤΟΥΡΛΩΤΗ,ΛΑΣΙΘΙΟΥ
72051,ΚΡΙΤΣΑ,ΛΑΣΙΘΙΟΥ
72058,ΦΟΥΡΝΗ,ΛΑΣΙΘΙΟΥ
81200,ΠΛΩΜΑΡΙ,ΛΕΣΒΟΥ
81400,ΜΥΡΙΝΑ,ΛΕΣΒΟΥ
81100,ΜΥΤΙΛΗΝΗ,ΛΕΣΒΟΥ
81102,ΑΓΙΑ ΠΑΡΑΣΚΕΥΗ ΛΕΣΒΟ,ΛΕΣΒΟΥ
81113,ΦΙΛΙΑ,ΛΕΣΒΟΥ
81401,ΜΟΥΔΡΟΣ,ΛΕΣΒΟΥ
81101,ΑΓΙΑΣΟΣ,ΛΕΣΒΟΥ
81500,ΑΓΙΟΣ ΕΥΣΤΡΑΤΙΟΣ,ΛΕΣΒΟΥ
81300,ΠΟΛΙΧΝΙΤΟΣ,ΛΕΣΒΟΥ
81104,ΜΑΝΤΑΜΑΔΟΣ,ΛΕΣΒΟΥ
81105,ΕΡΕΣΟΣ,ΛΕΣΒΟΥ
81109,ΠΕΤΡΑ,ΛΕΣΒΟΥ
81103,ΑΝΤΙΣΣΑ,ΛΕΣΒΟΥ
81108,ΜΗΘΥΜΝΑ,ΛΕΣΒΟΥ
81107,ΚΑΛΛΟΝΗ,ΛΕΣΒΟΥ
81110,ΒΑΤΟΥΣΑ,ΛΕΣΒΟΥ
81106,ΠΑΠΠΑΔΟΣ,ΛΕΣΒΟΥ
81111,ΠΕΡΑΜΑ,ΛΕΣΒΟΥ
81111,ΠΕΡΑΜΑ ΛΕΣΒΟΥ,ΛΕΣΒΟΥ
81112,ΣΙΓΡΙΟ,ΛΕΣΒΟΥ
31082,ΒΑΣΙΛΙΚΗ,ΛΕΥΚΑΔΑΣ
31080,ΚΑΡΥΑ ΛΕΥΚΑΔΑΣ,ΛΕΥΚΑΔΑΣ
31100,ΛΕΥΚΑΔΑ,ΛΕΥΚΑΔΑΣ
31083,ΒΑΘΥ,ΛΕΥΚΑΔΑΣ
31081,ΚΑΛΑΜΟΣ,ΛΕΥΚΑΔΑΣ
37009,ΤΡΙΚΕΡΙ,ΜΑΓΝΗΣΙΑΣ
37008,ΣΟΥΡΠΗ,ΜΑΓΝΗΣΙΑΣ
37010,ΜΗΛΙΕΣ,ΜΑΓΝΗΣΙΑΣ
37006,ΑΡΓΑΛΑΣΤΗ,ΜΑΓΝΗΣΙΑΣ
37200,ΑΓΙΟΣ ΓΕΩΡΓΙΟΣ ΙΩΛΚΟ,ΜΑΓΝΗΣΙΑΣ
37500,ΒΕΛΕΣΤΙΝΟ,ΜΑΓΝΗΣΙΑΣ
37012,ΤΣΑΓΚΑΡΑΔΑ,ΜΑΓΝΗΣΙΑΣ
37100,ΑΛΜΥΡΟΣ,ΜΑΓΝΗΣΙΑΣ
37011,ΠΟΡΤΑΡΙΑ,ΜΑΓΝΗΣΙΑΣ
37003,ΣΚΟΠΕΛΟΣ,ΜΑΓΝΗΣΙΑΣ
37300,ΑΓΡΙΑ,ΜΑΓΝΗΣΙΑΣ
37005,ΑΛΟΝΝΗΣΟΣ,ΜΑΓΝΗΣΙΑΣ
37004,ΓΛΩΣΣΑ,ΜΑΓΝΗΣΙΑΣ
37002,ΣΚΙΑΘΟΣ,ΜΑΓΝΗΣΙΑΣ
35010,ΔΟΜΟΚΟΣ,ΜΑΓΝΗΣΙΑΣ
37001,ΖΑΓΟΡΑ,ΜΑΓΝΗΣΙΑΣ
34012,ΩΡΑΙΟΥΣ,ΜΑΓΝΗΣΙΑΣ
37013,ΜΗΛΙΝΑ,ΜΑΓΝΗΣΙΑΣ
37400,ΝΕΑ ΑΓΧΙΑΛΟΣ,ΜΑΓΝΗΣΙΑΣ
37007,ΠΤΕΛΕΟΣ,ΜΑΓΝΗΣΙΑΣ
24100,ΚΑΛΑΜΑΤΑ,ΜΕΣΣΗΝΙΑΣ
24200,ΜΕΣΣΗΝΗ,ΜΕΣΣΗΝΙΑΣ
24021,ΣΙΔΗΡΟΚΑΣΤΡΟ ΜΕΣΣΗΝΙ,ΜΕΣΣΗΝΙΑΣ
24300,ΦΙΛΙΑΤΡΑ,ΜΕΣΣΗΝΙΑΣ
24020,ΑΛΑΓΟΝΙΑ,ΜΕΣΣΗΝΙΑΣ
24022,ΚΑΡΔΑΜΥΛΗ,ΜΕΣΣΗΝΙΑΣ
24005,ΠΕΤΑΛΙΔΙ,ΜΕΣΣΗΝΙΑΣ
24500,ΚΥΠΑΡΙΣΣΙΑ,ΜΕΣΣΗΝΙΑΣ
24004,ΚΟΡΩΝΗ,ΜΕΣΣΗΝΙΑΣ
24008,ΔΙΑΒΟΛΙΤΣΙ,ΜΕΣΣΗΝΙΑΣ
24011,ΔΩΡΙΟ,ΜΕΣΣΗΝΙΑΣ
24024,ΑΓΙΟΣ ΝΙΚΟΛΑΟΣ ΜΕΣΣΗ,ΜΕΣΣΗΝΙΑΣ
24003,ΚΟΠΑΝΑΚΙ,ΜΕΣΣΗΝΙΑΣ
24018,ΨΑΡΙ,ΜΕΣΣΗΝΙΑΣ
24023,ΠΛΑΤΣΑ,ΜΕΣΣΗΝΙΑΣ
27061,ΑΝΔΡΙΤΣΑΙΝΑ,ΜΕΣΣΗΝΙΑΣ
24013,ΑΝΔΡΟΥΣΑ,ΜΕΣΣΗΝΙΑΣ
24007,ΑΡΦΑΡΑ,ΜΕΣΣΗΝΙΑΣ
24010,ΛΟΓΓΑ,ΜΕΣΣΗΝΙΑΣ
24017,ΑΕΤΟΣ,ΜΕΣΣΗΝΙΑΣ
24015,ΑΡΙΣΤΟΜΕΝΗΣ,ΜΕΣΣΗΝΙΑΣ
24002,ΜΕΛΙΓΑΛΑΣ,ΜΕΣΣΗΝΙΑΣ
24016,ΚΑΜΠΟΣ,ΜΕΣΣΗΝΙΑΣ
24012,ΑΡΙΣ,ΜΕΣΣΗΝΙΑΣ
24400,ΓΑΡΓΑΛΙΑΝΟΙ,ΜΕΣΣΗΝΙΑΣ
24014,ΧΑΤΖΗΣ,ΜΕΣΣΗΝΙΑΣ
24001,ΠΥΛΟΣ,ΜΕΣΣΗΝΙΑΣ
24006,ΜΕΘΩΝΗ,ΜΕΣΣΗΝΙΑΣ
24009,ΘΟΥΡΙΑ,ΜΕΣΣΗΝΙΑΣ
24600,ΧΩΡΑ,ΜΕΣΣΗΝΙΑΣ
24019,ΟΙΧΑΛΙΑ,ΜΕΣΣΗΝΙΑΣ
24101,ΚΑΛΑΜΑΤΑ,ΜΕΣΣΗΝΙΑΣ
67200,ΕΥΛΑΛΟ,ΞΑΝΘΗΣ
67061,ΑΒΔΗΡΑ,ΞΑΝΘΗΣ
67300,ΕΧΙΝΟΣ,ΞΑΝΘΗΣ
67100,ΞΑΝΘΗ,ΞΑΝΘΗΣ
67062,ΣΤΑΥΡΟΥΠΟΛΗ ΞΑΝΘΗΣ,ΞΑΝΘΗΣ
67064,ΓΕΝΙΣΕΑ,ΞΑΝΘΗΣ
66035,ΠΑΡΑΝΕΣΤΙ,ΞΑΝΘΗΣ
67063,ΛΑΓΟΣ,ΞΑΝΘΗΣ
66037,ΝΙΚΗΦΟΡΟΣ,ΞΑΝΘΗΣ
58400,ΑΡΙΔΑΙΑ,ΠΕΛΛΗΣ
58200,ΕΔΕΣΣΑ,ΠΕΛΛΗΣ
58500,ΣΚΥΔΡΑ,ΠΕΛΛΗΣ
58002,ΑΡΝΙΣΣΑ,ΠΕΛΛΗΣ
58300,ΚΡΥΑ ΒΡΥΣΗ,ΠΕΛΛΗΣ
57100,ΚΟΥΦΑΛΙΑ,ΠΕΛΛΗΣ
58100,ΓΙΑΝΝΙΤΣΑ,ΠΕΛΛΗΣ
58004,ΕΞΑΠΛΑΤΑΝΟΣ,ΠΕΛΛΗΣ
58001,ΚΑΡΥΩΤΙΣΣΑ,ΠΕΛΛΗΣ
58005,ΠΕΛΛΑ,ΠΕΛΛΗΣ
60100,ΚΑΤΕΡΙΝΗ,ΠΙΕΡΙΑΣ
60066,ΜΕΘΩΝΗ,ΠΙΕΡΙΑΣ
60065,ΠΛΑΤΑΜΩΝΑΣ,ΠΙΕΡΙΑΣ
60300,ΑΙΓΙΝΙΟ,ΠΙΕΡΙΑΣ
60064,ΚΙΤΡΟΣ,ΠΙΕΡΙΑΣ
60063,ΛΕΠΤΟΚΑΡΥΑ,ΠΙΕΡΙΑΣ
60061,ΚΟΛΙΝΔΡΟΣ,ΠΙΕΡΙΑΣ
60062,ΚΟΡΙΝΟΣ,ΠΙΕΡΙΑΣ
60200,ΛΙΤΟΧΩΡΟ,ΠΙΕΡΙΑΣ
48060,ΠΑΡΓΑ,ΠΡΕΒΕΖΑΣ
48200,ΦΙΛΙΠΠΙΑΔΑ,ΠΡΕΒΕΖΑΣ
48300,ΘΕΣΠΡΩΤΙΚΟ,ΠΡΕΒΕΖΑΣ
48100,ΠΡΕΒΕΖΑ,ΠΡΕΒΕΖΑΣ
48062,ΚΑΝΑΛΛΑΚΙ,ΠΡΕΒΕΖΑΣ
48061,ΛΟΥΡΟΣ,ΠΡΕΒΕΖΑΣ
44009,ΔΕΡΒΙΖΙΑΝΑ,ΠΡΕΒΕΖΑΣ
74054,ΓΑΡΑΖΟ,ΡΕΘΥΜΝΗΣ
74053,ΣΠΗΛΙ,ΡΕΘΥΜΝΗΣ
74052,ΠΕΡΑΜΑ ΡΕΘΥΜΝΗΣ,ΡΕΘΥΜΝΗΣ
74056,ΑΓΙΑ ΓΑΛΗΝΗ,ΡΕΘΥΜΝΗΣ
74100,ΡΕΘΥΜΝΟ,ΡΕΘΥΜΝΗΣ
74062,ΒΙΖΑΡΙ,ΡΕΘΥΜΝΗΣ
74059,ΑΠΟΔΟΥΛΟΥ,ΡΕΘΥΜΝΗΣ
74061,ΑΜΑΡΙ,ΡΕΘΥΜΝΗΣ
74058,ΡΟΥΣΤΙΚΑ,ΡΕΘΥΜΝΗΣ
74060,ΜΥΡΘΙΟΣ,ΡΕΘΥΜΝΗΣ
74051,ΑΝΩΓΕΙΑ,ΡΕΘΥΜΝΗΣ
74055,ΕΠΙΣΚΟΠΗ ΡΕΘΥΜΝΗΣ,ΡΕΘΥΜΝΗΣ
74057,ΠΑΝΟΡΜΟΣ ΡΕΘΥΜΝΗΣ,ΡΕΘΥΜΝΗΣ
74000,ΜΥΡΘΙΟΣ,ΡΕΘΥΜΝΗΣ
69100,ΚΟΜΟΤΗΝΗ,ΡΟΔΟΠΗΣ
69400,ΞΥΛΑΓΑΝΗ,ΡΟΔΟΠΗΣ
69300,ΣΑΠΕΣ,ΡΟΔΟΠΗΣ
69200,ΙΑΣΜΟΣ,ΡΟΔΟΠΗΣ
69500,ΟΡΓΑΝΗ,ΡΟΔΟΠΗΣ
67063,ΛΑΓΟΣ,ΡΟΔΟΠΗΣ
83100,ΣΑΜΟΣ,ΣΑΜΟΥ
83302,ΕΥΔΗΛΟΣ,ΣΑΜΟΥ
83102,ΜΑΡΑΘΟΚΑΜΠΟΣ,ΣΑΜΟΥ
83200,ΚΑΡΛΟΒΑΣΙ,ΣΑΜΟΥ
83301,ΡΑΧΕΣ,ΣΑΜΟΥ
83400,ΦΟΥΡΝΟΙ,ΣΑΜΟΥ
83300,ΑΓΙΟΣ ΚΗΡΥΚΟΣ,ΣΑΜΟΥ
83103,ΠΥΘΑΓΟΡΕΙΟ,ΣΑΜΟΥ
83104,ΠΥΡΓΟΣ ΣΑΜΟΥ,ΣΑΜΟΥ
83104,ΠΥΡΓΟΥ ΣΑΜΟΥ,ΣΑΜΟΥ
83101,ΜΥΤΙΛΗΝΙΟΙ,ΣΑΜΟΥ
83103,ΠΥΡΓΟΥ ΣΑΜΟΥ,ΣΑΜΟΥ
62047,ΠΡΩΤΗ,ΣΕΡΡΩΝ
62100,ΣΕΡΡΕΣ,ΣΕΡΡΩΝ
62200,ΝΙΓΡΙΤΑ,ΣΕΡΡΩΝ
62051,ΑΓΙΟ ΠΝΕΥΜΑ,ΣΕΡΡΩΝ
62049,ΜΑΥΡΟΘΑΛΑΣΣΑ,ΣΕΡΡΩΝ
62050,ΓΑΖΩΡΟΣ,ΣΕΡΡΩΝ
62300,ΣΙΔΗΡΟΚΑΣΤΡΟ,ΣΕΡΡΩΝ
62042,ΝΕΑ ΖΙΧΝΗ,ΣΕΡΡΩΝ
62043,ΝΕΟ ΠΕΤΡΙΤΣΙ,ΣΕΡΡΩΝ
62052,ΔΡΑΒΗΣΚΟΣ,ΣΕΡΡΩΝ
62400,ΗΡΑΚΛΕΙΑ,ΣΕΡΡΩΝ
62054,ΣΤΡΥΜΟΝΙΚΟ,ΣΕΡΡΩΝ
62053,ΡΟΔΟΠΟΛΗ,ΣΕΡΡΩΝ
62055,ΚΑΤΩ ΠΟΡΟΙΑ,ΣΕΡΡΩΝ
62041,ΡΟΔΟΛΙΒΟΣ,ΣΕΡΡΩΝ
62048,ΠΕΝΤΑΠΟΛΗ,ΣΕΡΡΩΝ
57017,ΞΥΛΟΠΟΛΗ,ΣΕΡΡΩΝ
62056,Σ. Σ. ΑΓΓΙΣΤΑΣ,ΣΕΡΡΩΝ
62044,ΝΕΟΣ ΣΚΟΠΟΣ,ΣΕΡΡΩΝ
62046,ΧΡΥΣΟ,ΣΕΡΡΩΝ
42100,ΤΡΙΚΑΛΑ,ΤΡΙΚΑΛΩΝ
42200,ΚΑΛΑΜΠΑΚΑ,ΤΡΙΚΑΛΩΝ
42037,ΜΕΣΟΧΩΡΑ,ΤΡΙΚΑΛΩΝ
42035,ΚΟΝΙΣΚΟΣ,ΤΡΙΚΑΛΩΝ
42032,ΠΥΛΗ,ΤΡΙΚΑΛΩΝ
42033,ΜΥΡΟΦΥΛΛΟ,ΤΡΙΚΑΛΩΝ
42034,ΑΓΙΟΦΥΛΛΟ,ΤΡΙΚΑΛΩΝ
42036,ΚΑΣΤΑΝΕΑ,ΤΡΙΚΑΛΩΝ
42300,ΝΕΟΧΩΡΙ,ΤΡΙΚΑΛΩΝ
42031,ΦΑΡΚΑΔΩΝΑ,ΤΡΙΚΑΛΩΝ
42030,ΜΕΓΑΛΑ ΚΑΛΥΒΙΑ,ΤΡΙΚΑΛΩΝ
43061,ΑΓΝΑΝΤΕΡΟ,ΤΡΙΚΑΛΩΝ
35009,ΜΩΛΟΣ,ΦΘΙΩΤΙΔΑΣ
35200,ΑΤΑΛΑΝΤΗ,ΦΘΙΩΤΙΔΑΣ
35015,ΚΑΤΩ ΤΙΘΟΡΕΑ,ΦΘΙΩΤΙΔΑΣ
35300,ΣΤΥΛΙΔΑ,ΦΘΙΩΤΙΔΑΣ
35100,ΛΑΜΙΑ,ΦΘΙΩΤΙΔΑΣ
35010,ΔΟΜΟΚΟΣ,ΦΘΙΩΤΙΔΑΣ
35017,ΑΓΙΟΣ ΓΕΩΡΓΙΟΣ ΦΘΙΩΤ,ΦΘΙΩΤΙΔΑΣ
35006,ΑΓΙΟΣ ΚΩΝΣΤΑΝΤΙΝΟΣ,ΦΘΙΩΤΙΔΑΣ
35003,ΣΠΕΡΧΕΙΑΔΑ,ΦΘΙΩΤΙΔΑΣ
35016,ΥΠΑΤΗ,ΦΘΙΩΤΙΔΑΣ
35002,ΑΜΦΙΚΛΕΙΑ,ΦΘΙΩΤΙΔΑΣ
35014,ΑΝΘΗΛΗ,ΦΘΙΩΤΙΔΑΣ
33057,ΓΡΑΒΙΑ,ΦΘΙΩΤΙΔΑΣ
35011,ΜΑΚΡΑΚΩΜΗ,ΦΘΙΩΤΙΔΑΣ
35008,ΚΑΜ. ΒΟΥΡΛΑ,ΦΘΙΩΤΙΔΑΣ
35013,ΠΕΛΑΣΓΙΑ,ΦΘΙΩΤΙΔΑΣ
35018,ΓΑΡΔΙΚΙ,ΦΘΙΩΤΙΔΑΣ
35004,ΕΛΑΤΕΙΑ,ΦΘΙΩΤΙΔΑΣ
35005,ΜΑΡΤΙΝΟ,ΦΘΙΩΤΙΔΑΣ
35008,ΚΑΜΜΕΝΑ ΒΟΥΡΛΑ,ΦΘΙΩΤΙΔΑΣ
35012,ΛΑΡΥΜΝΑ,ΦΘΙΩΤΙΔΑΣ
35007,ΛΙΒΑΝΑΤΕΣ,ΦΘΙΩΤΙΔΑΣ
35001,ΜΑΛΕΣΙΝΑ,ΦΘΙΩΤΙΔΑΣ
53100,ΦΛΩΡΙΝΑ,ΦΛΩΡΙΝΑΣ
53077,ΑΓΙΟΣ ΓΕΡΜΑΝΟΣ,ΦΛΩΡΙΝΑΣ
53200,ΑΜΥΝΤΑΙΟ,ΦΛΩΡΙΝΑΣ
53075,ΣΚΛΗΘΡΟ,ΦΛΩΡΙΝΑΣ
50200,ΠΤΟΛΕΜΑΙΔΑ,ΦΛΩΡΙΝΑΣ
53076,ΑΝΤΑΡΤΙΚΟ,ΦΛΩΡΙΝΑΣ
53070,ΦΙΛΩΤΑΣ,ΦΛΩΡΙΝΑΣ
53071,ΜΕΛΙΤΗ,ΦΛΩΡΙΝΑΣ
50005,ΕΜΠΟΡΙΟ,ΦΛΩΡΙΝΑΣ
53074,ΒΕΥΗ,ΦΛΩΡΙΝΑΣ
53073,ΛΕΧΟΒΟ,ΦΛΩΡΙΝΑΣ
53078,ΝΥΜΦΑΙΟ,ΦΛΩΡΙΝΑΣ
53072,ΞΙΝΟ ΝΕΡΟ,ΦΛΩΡΙΝΑΣ
33053,ΛΙΔΟΡΙΚΙ,ΦΩΚΙΔΑΣ
33100,ΑΜΦΙΣΣΑ,ΦΩΚΙΔΑΣ
33058,ΕΡΑΤΕΙΝΗ,ΦΩΚΙΔΑΣ
33050,ΔΕΣΦΙΝΑ,ΦΩΚΙΔΑΣ
33200,ΙΤΕΑ ΦΩΚΙΔΑΣ,ΦΩΚΙΔΑΣ
33056,ΕΥΠΑΛΙΟ,ΦΩΚΙΔΑΣ
33063,ΜΑΥΡΟΛΙΘΑΡΙ,ΦΩΚΙΔΑΣ
33061,ΚΡΟΚΥΛΕΙΟ,ΦΩΚΙΔΑΣ
33051,ΠΟΛΥΔΡΟΣΟΣ,ΦΩΚΙΔΑΣ
33057,ΓΡΑΒΙΑ,ΦΩΚΙΔΑΣ
33059,ΑΡΤΟΤΙΝΑ,ΦΩΚΙΔΑΣ
33052,ΓΑΛΑΞΙΔΙ,ΦΩΚΙΔΑΣ
33054,ΔΕΛΦΟΙ,ΦΩΚΙΔΑΣ
33062,ΠΕΝΤΑΓΙΟΙ,ΦΩΚΙΔΑΣ
33055,ΧΡΥΣΟ ΦΩΚΙΔΑΣ,ΦΩΚΙΔΑΣ
33060,ΠΟΤΙΔΑΝΙΑ,ΦΩΚΙΔΑΣ
63088,ΝΙΚΗΤΗ,ΧΑΛΚΙΔΙΚΗΣ
63081,ΝΕΟΣ ΜΑΡΜΑΡΑΣ,ΧΑΛΚΙΔΙΚΗΣ
63085,ΠΕΥΚΟΧΩΡΙ,ΧΑΛΚΙΔΙΚΗΣ
63077,ΚΑΣΣΑΝΔΡΕΙΑ,ΧΑΛΚΙΔΙΚΗΣ
63078,ΑΓΙΟΣ ΝΙΚΟΛΑΟΣ,ΧΑΛΚΙΔΙΚΗΣ
63200,ΝΕΑ ΜΟΥΔΑΝΙΑ,ΧΑΛΚΙΔΙΚΗΣ
63080,ΝΕΑ ΚΑΛΛΙΚΡΑΤΕΙΑ,ΧΑΛΚΙΔΙΚΗΣ
63073,ΓΑΛΑΤΙΣΤΑ,ΧΑΛΚΙΔΙΚΗΣ
63075,ΙΕΡΙΣΣΟΣ,ΧΑΛΚΙΔΙΚΗΣ
63100,ΠΟΛΥΓΥΡΟΣ,ΧΑΛΚΙΔΙΚΗΣ
63074,ΑΡΝΑΙΑ,ΧΑΛΚΙΔΙΚΗΣ
63084,ΒΑΒΔΟΣ,ΧΑΛΚΙΔΙΚΗΣ
63071,ΟΡΜΥΛΙΑ,ΧΑΛΚΙΔΙΚΗΣ
57006,ΒΑΣΙΛΙΚΑ ΘΕΣ/ΝΙΚΗΣ,ΧΑΛΚΙΔΙΚΗΣ
63087,ΔΑΦΝΗ ΑΓΙΟΥ ΟΡΟΥΣ,ΧΑΛΚΙΔΙΚΗΣ
63072,ΣΥΚΕΑ,ΧΑΛΚΙΔΙΚΗΣ
57014,ΣΤΑΥΡΟΣ ΘΕΣ/ΝΙΚΗΣ,ΧΑΛΚΙΔΙΚΗΣ
63086,ΚΑΡΥΕΣ ΑΓΙΟΥ ΟΡΟΥΣ,ΧΑΛΚΙΔΙΚΗΣ
57012,ΖΑΓΚΛΙΒΕΡΙ,ΧΑΛΚΙΔΙΚΗΣ
63076,ΜΕΓΑΛΗ ΠΑΝΑΓΙΑ,ΧΑΛΚΙΔΙΚΗΣ
63079,ΝΕΑ ΤΡΙΓΛΙΑ,ΧΑΛΚΙΔΙΚΗΣ
63083,ΣΤΡΑΤΟΝΙΚΗ,ΧΑΛΚΙΔΙΚΗΣ
63082,ΣΤΡΑΤΩΝΙΟ,ΧΑΛΚΙΔΙΚΗΣ
73005,ΑΛΙΚΙΑΝΟΣ,ΧΑΝΙΩΝ
73009,ΡΟΔΟΒΑΝΙ,ΧΑΝΙΩΝ
73001,ΠΑΛΑΙΟΧΩΡΑ,ΧΑΝΙΩΝ
73014,ΠΛΑΤΑΝΙΑ,ΧΑΝΙΩΝ
73011,ΧΩΡΑ ΣΦΑΚΙΩΝ,ΧΑΝΙΩΝ
73008,ΒΑΜΟΣ,ΧΑΝΙΩΝ
73006,ΚΟΛΥΜΒΑΡΙ,ΧΑΝΙΩΝ
73400,ΚΙΣΣΑΜΟΣ,ΧΑΝΙΩΝ
73004,ΚΑΝΔΑΝΟΣ,ΧΑΝΙΩΝ
73006,ΚΟΛΥΜΠΑΡΙ,ΧΑΝΙΩΝ
73200,ΣΟΥΔΑ,ΧΑΝΙΩΝ
73012,ΒΑΘΗ ΧΑΝΙΩΝ,ΧΑΝΙΩΝ
73010,ΤΟΠΟΛΙΑ,ΧΑΝΙΩΝ
73007,ΒΡΥΣΕΣ,ΧΑΝΙΩΝ
73002,ΒΟΥΚΟΛΙΕΣ,ΧΑΝΙΩΝ
73003,ΚΑΛΥΒΕΣ,ΧΑΝΙΩΝ
74055,ΕΠΙΣΚΟΠΗ ΡΕΘΥΜΝΗΣ,ΧΑΝΙΩΝ
73013,ΑΣΚΥΦΟΣ,ΧΑΝΙΩΝ
73013,ΑΣΚΥΦΟΥ,ΧΑΝΙΩΝ
73008,ΒΑΜΟΥ,ΧΑΝΙΩΝ
82100,ΧΙΟΣ,ΧΙΟΥ
82103,ΒΟΛΙΣΣΟΣ,ΧΙΟΥ
82102,ΚΑΛΑΜΩΤΗ,ΧΙΟΥ
82300,ΚΑΡΔΑΜΥΛΑ,ΧΙΟΥ
82104,ΨΑΡΑ,ΧΙΟΥ
82200,ΒΡΟΝΤΑΔΟΣ,ΧΙΟΥ
82101,ΟΙΝΟΥΣΣΕΣ,ΧΙΟΥ
62200,ΣΕΡΡΕΣ,ΣΕΡΡΩΝ
66033,Κ. ΝΕΥΡΟΚΟΠΙ,ΔΡΑΜΑΣ
36071,ΚΕΑΣΟΧΩΡΙ,ΕΥΡΥΤΑΝΙΑΣ
25014,ΠΛΑΤΑΝΟΣ,ΑΧΑΙΑΣ
31080,ΚΑΡΥΑ,ΛΕΥΚΑΔΑΣ
30022,ΠΛΑΤΑΝΟΣ,ΑΙΤΩΛΟΑΚΑΡΝΑΝΙΑΣ
30001,ΝΕΟΧΩΡΙ,ΑΙΤΩΛΟΑΚΑΡΝΑΝΙΑΣ
30002,ΜΕΣΟΛΟΓΓΙ,ΑΙΤΩΛΟΑΚΑΡΝΑΝΙΑΣ
30200,ΒΟΝΙΤΣΑ,ΑΙΤΩΛΟΑΚΑΡΝΑΝΙΑΣ
27064,ΚΑΡΑΤΟΥΛΑ,ΗΛΕΙΑΣ
27060,ΠΕΛΟΠΙΟ ΗΛ.,ΗΛΕΙΑΣ
27062,ΚΑΛΛΙΘΕΑ,ΗΛΕΙΑΣ
27100,ΠΥΡΓΟΣ,ΗΛΕΙΑΣ
27200,ΑΝΔΡΙΤΣΑΙΝΑ,ΗΛΕΙΑΣ
25012,ΛΙΒΑΡΤΖΙ,ΗΛΕΙΑΣ
22015,ΚΟΝΤΙΒΑΖΑΙΝΑ,ΑΡΚΑΔΙΑΣ
22021,ΛΕΟΝΤΑΡΙ,ΑΡΚΑΔΙΑΣ
57022,ΒΙ.ΠΕ.Θ.,ΘΕΣΣΑΛΟΝΙΚΗΣ
70010,ΠΥΡΓΟΣ ΜΟΝΟΦΑΤΣΙΟΥ,ΗΡΑΚΛΕΙΟΥ
73014,ΠΛΑΤΑΝΙΑΣ,ΧΑΝΙΩΝ
84800,ΜΗΛΟΥ,ΚΥΚΛΑΔΩΝ
18903,ΑΙΑΝΤΕΙΟ,ΑΤΤΙΚΗΣ
18020,ΠΟΡΟΣ ΤΡΟΙΖΗΝΙΑΣ,ΑΤΤΙΚΗΣ
19600,ΜΑΝΔΡΑΣ,ΑΤΤΙΚΗΣ
57014,ΣΤΑΥΡΟΣ ΘΕΣΣ/ΝΙΚΗΣ,ΘΕΣΣΑΛΟΝΙΚΗΣ
71334,ΧΑΝΙΑ,ΧΑΝΙΩΝ
71414,ΓΑΖΙ,ΗΡΑΚΛΕΙΟΥ
19400,ΚΟΡΟΠΙ,ΑΤΤΙΚΗΣ
14575,ΣΤΑΜΑΤΑ,ΑΤΤΙΚΗΣ
14569,ΚΡΥΟΝΕΡΙ,ΑΤΤΙΚΗΣ
